identificacion;cuil;legajo;nombre;apellido;fecha_nacimiento;telefono;mail
10087555;;1522;GRACIELA SUSANA;CRUZADO;12/1/1952;46548016;graciela@unlam.edu.ar
10108354;;2475;MANUEL GUILLERMO;LEON;19/11/1951;4795-9509;gleon@unlam.edu.ar
10124201;;2238;FIDEL IGNACIO;SANTOS;25/11/1974;4654-7209;fsantos@unlam.edu.ar
10131638;;5147;CARLOS ALFREDO;GOGNI;9/8/1951;4903-2782;cgogni@unlam.edu.ar
10160602;;5054;ENRIQUE JOSE;GIANELLI;18/9/1951;4750-8067;egianelli@unlam.edu.ar
10200110;;497;ALICIA ELSA;REY;2/12/1951;4696-4631;arey@unlam.edu.ar
10202184;;5526;OSVALDO ALFREDO;SASOVSKY;18/9/1951;4637-9659;osasovsky@unlam.edu.ar
10401559;;5597;ANTONIO ANGEL;SANLES;7/3/1953;4982-0565;asanles@unlam.edu.ar
10575400;;1740;DANIEL ALBERTO;ACERBI;26/2/1956;46837630;dacerbi@unlam.edu.ar
10610922;;5278;NORMA ELIDA;PEREZ CAMINO;31/3/1953;4656-3318;npcamino@unlam.edu.ar
10655031;;6388;JUAN ANTONIO RAMON;ARIAS;20/12/1952;42487385;jarias@unlam.edu.ar
10671271;;6754;RAUL OSCAR;BIANCHI;3/10/1953;2214842390;rbianchi@unlam.edu.ar
10700713;;480;ALBERTO;LONGO;19/6/1953;4442-2865;alongo@unlam.edu.ar
10739654;;5209;PEDRO RUBEN;CASTIGLIONI;2/9/1953;0220-4761-578;pcastiglioni@unlam.edu.ar
10859339;;298;GUILLERMO JUAN;CONTRERA;23/7/1953;4-620-3703;gcontrera@unlam.edu.ar
10887340;;336;EDUARDO RUBEN;ROLLERI;15/9/1953;46519274;erolleri@unlam.edu.ar
10939452;;1840;DANIEL RODOLFO;BIGA;8/5/1953;46429969;dbiga@unlam.edu.ar
11018678;;1734;ARTEMISA;TRIGUEROS;24/11/1953;4659-7873;artemisa@unlam.edu.ar
11068539;;3068;RAUL ALBERTO;NEJAMKIS;3/6/1953;4952-4569;rnejamkis@unlam.edu.ar
11096460;;2457;NELLY;DELUCHI;31/3/1954;4826-9341;ndelucchi@unlam.edu.ar
11106177;;4575;ANA SUSANA;TOSCANO;8/11/1953;4756 2401;stoscano@unlam.edu.ar
11134989;;1681;ALBERTO ESTEBAN;GUTIERREZ;24/2/1954;42512208;aegutierrez@unlam.edu.ar
11154579;;6270;JAIME HECTOR;SAIEGH;8/6/1953;;jsaiegh@unlam.edu.ar
11203431;;1665;MONICA LILIANA;JUNGMAN;3/6/1954;46597233;mjungman @unlam.edu.ar
11304496;;3302;TERESA AZUCENA;SOSA;6/12/1954;4441-3156;tsosa@unlam.edu.ar
11305478;;3332;RAMON DOMINGO;POSCA;28/12/1954;4482-1041;rposca@unlam.edu.ar
11360335;;1571;CARLOS ALBERTO;RODRIGUEZ ESPERON;2/7/1965;4-983-8993;caldriguez@unlam.edu.ar
11385321;;1793;RICARDO OSCAR;JULIA;26/1/1955;45714266;rjulia@unlam.edu.ar
11412784;;332;NORA GRACIELA;MODOLO;27/10/1954;4484-1124;nmodolo@unlam.edu.ar
11420798;;4271;IRIS INES;SATTOLO;12/12/1954;5437-8868;isattolo@unlam.edu.ar
11565039;;6706;LILIANA;ALLOCATI;28/12/1954;47028640;vallocati@unlam.edu.ar
11615982;;4907;GUILLERMO ARTURO;REY;8/12/1955;(02323)15-539228;guirey@unlam.edu.ar
11615982;;4907;GUILLERMO ARTURO;REY;8/12/1955;02323-421892;guirey@unlam.edu.ar
11776452;;3533;HECTOR RAFAEL;FREGA;3/10/1955;4722-3352;hfrega@unlam.edu.ar
11862488;;503;LILIANA NOEMI;BONAVITA;1/7/1955;4902-3828;lbonavita@unlam.edu.ar
11917135;;1616;JORGE ESTEBAN;ETEROVIC;27/1/1958;;eterovic@unlam.edu.ar
11955971;;3348;MARCELO CLAUDIO;DAU;3/3/1958;4-683-1742;mdau@unlam.edu.ar
12045370;;4462;PATRICIO HECTOR;MARENSI;20/8/1958;;pmarensi@unlam.edu.ar
12079429;;1908;ROBERTO ANGEL;ERIBE;23/2/1956;4568-0787;reribe@unlam.edu.ar
12138990;;1727;ELISA MIRTA;PRILUSKY;14/9/1956;46203903;eprilusky@unlam.edu.ar
12160895;;3523;LUIS ALBERTO;DEUTERIS;8/5/1958;4461-3857;ldeuteris@unlam.edu.ar
12163639;;5449;ALEJANDRO MARCELO;BUCKLEY;17/9/1955;4-962-7374;abuckley@unlam.edu.ar
12248358;;3881;DANIEL EDUARDO;MONGE;24/10/1956;4658-5155;dmonge@unlam.edu.ar
12280089;;3214;MARIA TERESA;NIETO;5/12/1955;4-4434840;mcalonico@unlam.edu.ar
12299982;;5911;MARIA LILIANA;OLIVARES;6/3/1958;4654-2391;lolivares@unlam.edu.ar
12317976;;808;ADRIANA MARCELA;CALLEGARO;30/8/1956;4901-8684;acallegaro@unlam.edu.ar
12400837;;1202;LUIS ENRIQUE;BUSNELLI;5/11/1958;0;lbusnelli@unlam.edu.ar
12418227;;3259;GABRIELA AMELIA;TORRETTA;8/8/1958;46512003;gtorretta@unlam.edu.ar
12446809;;3437;GUILLERMO ATILIO;GONZALEZ;26/5/1958;4943-6813;gonzalezg@unlam.edu.ar
12454517;;3545;GUSTAVO DANIEL;RODRIGUEZ;14/12/1956;46728700;gudrodriguez@unlam.edu.ar
12533097;;2461;MARIO;SZTAYNBERG;21/6/1956;4583-3815;msztaynberg@unlam.edu.ar
12540936;;84;SERGIO DANIEL;OLIVAR;25/12/1958;4-452-0310;solivar@unlam.edu.ar
12549461;;2196;JOSE;SCHACHTER BROIDE;10/12/1956;4702-8963;jbroide@unlam.edu.ar
12570760;;3960;MONICA LILIANA;FRONTI;14/11/1958;4486 5624;mfronti@unlam.edu.ar
12587593;;4805;EMIR ANGEL;GONZALEZ MONTEVERDE;1/12/1958;4658 0557;emonteverde@unlam.edu.ar
12628115;;1876;OSVALDO MARIO;SPOSITTO;22/5/1956;44414573;spositto@unlam.edu.ar
12628475;;990;MARIA ADRIANA;VITOLI;2/12/1958;49412943;avitoli@unlam.edu.ar
12645483;;5246;OSVALDO JOSE;MORAGUEZ;25/10/1956;4636-0498;omoraguez@unlam.edu.ar
12651166;;5722;JORGE ALBERTO;GARCIA RAPP;14/8/1958;4464-2186;jgarcia@unlam.edu.ar
12703482;;5716;ATILIO CARLOS;NASTI;1/12/1956;4-658-7502;anasti@unlam.edu.ar
12703883;;271;PEDRO EDUARDO;TURCZAK;18/10/1956;4654-0484;pturczak@unlam.edu.ar
12741386;;3653;CARLOS JULIO LUIS;GUT;25/11/1958;;cgut@unlam.edu.ar
12807069;;842;HORACIO EDUARDO;BROZZI;12/12/1958;44431336;hbrozzi@unlam.edu.ar
12851574;;3102;OSCAR ROBERTO;JIMENEZ PEÑA;7/11/1958;4827-2572;ojimenez@unlam.edu.ar
12894934;;1554;HECTOR;CONRADO;31/10/1958;44432467;hconrado@unlam.edu.ar
12900719;;6260;JORGE LUIS;ACEVEDO;26/12/1958;4643 0900;jacevedo@unlam.edu.ar
12928816;;335;DIEGO MEDARDO;SALERNO;31/12/1958;4554-4760;dsalerno@unlam.edu.ar
13021122;;3009;GERMAN GUSTAVO;ROMAÑACH;15/3/1959;46557159;gromanach@unlam.edu.ar
13080247;;4825;IDA HAYDEE;FOURMENTEL;6/2/1957;4658-2508;ifourmentel@unlam.edu.ar
13088176;;3196;MIRIAM ALEJANDRA;GIORGETTI;3/3/1959;4632-1354;mgiorget@unlam.edu.ar
13106042;;3330;GABRIEL PABLO;STORTINI;15/3/1965;4245-7369;gstortini@unlam.edu.ar
13127744;;4193;HORACIO DIEGO;SAGRAY;14/7/1959;4823-1290;hsagray@unlam.edu.ar
13159791;;629;ROBERTO;MUCCI;27/6/1957;4-441-1227;rmucci@unlam.edu.ar
13164596;;5411;MARTIN MARCELO;CASTILLO;16/12/1956;4467-4666;mcastillo@unlam.edu.ar
13181153;;2865;LUIS NICOLAS;LO VECI;29/7/1957;4652-6134;lloveci@unlam.edu.ar
13213000;;4799;DANIEL RICARDO;GRÜNWALDT;9/8/1957;2055-5469;dgrunwaldt@unlam.edu.ar
13235502;;6441;ALEJANDRO ARTURO;DOMANICO;4/8/1957;45744025;adomanico@unlam.edu.ar
13236072;;5244;JORGE HECTOR;FERREIRO;21/11/1957;4659-8897;jhferreiro@unlam.edu.ar
13236326;;5391;LAURA ISABEL;GOMEZ RUSCA;24/4/1959;46276142;lgomez@unlam.edu.ar
13236997;;1833;EDUARDO MARCELO;SECCO;30/3/1960;4628-6592;esecco@unlam.edu.ar
13256239;;231;HECTOR MANUEL;FROIZ;18/3/1959;4738-1606;hfroiz@unlam.edu.ar
13296473;;3430;MARTA CARMEN F;ALBAMONTE;15/7/1957;4551-1859;malbamonte@unlam.edu.ar
13308201;;209;NESTOR HORACIO;BURSESI;21/3/1959;45510767;nbursesi@unlam.edu.ar
13314265;;1737;GRACIELA ELIZABETH;DE LUCA;13/6/1959;45216687;gdeluca@unlam.edu.ar
13331006;;2629;JOSE ANTONIO;MARIN;19/6/1959;(11)4654-8573;jmarin@unlam.edu.ar
13331006;;2629;JOSE ANTONIO;MARIN;19/6/1959;4654-8573;jmarin@unlam.edu.ar
13340071;;6266;JORGE SALVADOR;IERACHE;22/4/1957;;jierache@unlam.edu.ar
13361647;;3255;MARIO HUMBERTO;QUINTELA;29/5/1959;4371-2246;mquintela@unlam.edu.ar
13405684;;3130;ALICIA ESTER;LEZCANO;23/7/1957;1144015177;alezcano@unlam.edu.ar
13405838;;756;MARTA TERESITA;MAGALLANES;25/7/1957;46290867;mamagallanes@unlam.edu.ar
13407053;;2097;ANTONIO MANUEL;MOYA;1/7/1957;15-6744-3103;mmoya@unlam.edu.ar
13411851;;4473;VIVIANA ALEJANDRA;JUAN;3/12/1957;45833866;vjuan@unlam.edu.ar
13458628;;5063;JORGE LUIS;CEBALLOS;18/2/1959;;jceballos@unlam.edu.ar
13508352;;2627;HUMBERTO ESTEBAN;FERRARI;23/8/1957;4650-8084;hferrari@unlam.edu.ar
13515810;;6488;BEATRIZ ALICIA;GASQUE;23/7/1957;;bgasque@unlam.edu.ar
13522605;;1904;CARLOS OMAR;ROUCO;31/10/1959;1,11533E+11;crouco@unlam.edu.ar
13522605;;1904;CARLOS OMAR;ROUCO;31/10/1959;2204824772;crouco@unlam.edu.ar
13555488;;261;MARIANA;CIPCIC;18/7/1960;4441-4510;mcipcic@unlam.edu.ar
13565090;;2639;PASCUAL RUBEN;VALDEZ;30/6/1959;(011) 4523-4615;pvaldez@unlam.edu.ar
13653009;;1519;GUILLERMO;BOSCO;26/7/1959;49037569;gbosco@unlam.edu.ar
13659874;;3808;PATRICIA HAYDEE;RODRIGUEZ;19/10/1957;;prodriguez@unlam.edu.ar
13685107;;283;CLARA PATRICIA;RAZU;10/10/1959;46580230;crazu@unlam.edu.ar
13687756;;2421;CARLOS ARNALDO;MOLINA;8/9/1959;15-6576-2967;cmolina@unlam.edu.ar
13687756;;2421;CARLOS ARNALDO;MOLINA;8/9/1959;4259-4464;cmolina@unlam.edu.ar
13711412;;2034;GRACIELA DORA SUSANA;HADAD;19/10/1959;4-786-6363;ghadad@unlam.edu.ar
13711711;;1995;HUGO RAUL;TANTIGNONE;11/12/1957;4572-5182;htantignone@unlam.edu.ar
13774684;;5556;JUAN ARTURO;BIONDI;26/3/1960;4481-2147;jbiondi@unlam.edu.ar
13801838;;2922;CLAUDIO ANTONIO;VALLEJOS;3/4/1960;4642-8049;clvallejos@unlam.edu.ar
13805412;;4412;JUAN ENRIQUE;AMOROSO;22/7/1960;4484-0345;jamoroso@unlam.edu.ar
13808179;;337;PATRICIA LIDIA;FRANCO;7/5/1960;4343-5134;pafranco@unlam.edu.ar
13876541;;755;FRANCISCO;LAVOLPE;26/7/1959;42943330;flavolpe@unlam.edu.ar
13877352;;3880;DORA RAQUEL;FARINA;28/7/1959;4481-0929;dfarina@unlam.edu.ar
13885525;;575;GRACIELA HAYDEE;TONON;21/2/1959;35281189;gtonon@unlam.edu.ar
13915129;;7175;ANDREA LILIANA;STRAUSS;2/6/1960;4632-2542;astrauss@unlam.edu.ar
13927536;;5699;NORMA NOEMI;UNZAIN;1/11/1959;;nunzain@unlam.edu.ar
13978735;;451;ENRIQUE ALFREDO;BURCET;25/1/1960;48257591/ 4372-686;eburcet@unlam.edu.ar
14015425;;1563;ALEJANDRO MARCELO;FRIDMAN;7/10/1961;49580299;afridman@unlam.edu.ar
14026336;;2258;PATRICIA MONICA MARI;VIEL;10/12/1959;4-611-2902;pviel@unlam.edu.ar
14027992;;1637;CARLOS ALBERTO;GONZALEZ SANZ;3/3/1961;4633-1178;cgonzalezsanz@unlam.edu.ar
14095428;;3892;MIRIAM;FERNANDEZ;7/8/1960;4484 9901;miriamfernandez@unlam.edu.ar
14095442;;27;MARIO;GRECO;16/1/1961;42024439;mgreco@unlam.edu.ar
14101669;;3312;CLAUDIA ALEJANDRA;BARROS;14/2/1960;20562341;cbarros@unlam.edu.ar
14125735;;1590;ISABEL BEATRIZ;MARKO;24/4/1960;46253928;imarko@unlam.edu.ar
14157121;;3371;MIRIAM MABEL;IVANEGA;13/3/1960;4831-6380;mivanega@unlam.edu.ar
14184160;;2169;LILIANA MABEL;TRONCOSO;6/6/1960;4641-0247;ltroncoso@unlam.edu.ar
14210865;;107;CLAUDIO JOAQUIN;GIMENO;27/8/1960;46243087;cgimeno@unlam.edu.ar
14229073;;5101;GABRIEL OSVALDO;BOSCO;27/9/1961;46322808;gobosco@unlam.edu.ar
14232148;;3940;PATRICIA ALEJANDRA;LUCHETTI;8/7/1960;4656-5628;pluchetti@unlam.edu.ar
14246518;;483;HORACIO OSVALDO;SOLDANO;18/1/1961;4713-3401;hsoldano@unlam.edu.ar
14310460;;1532;JORGE NORBERTO;ELBAUM;1/3/1961;;jelbaum@unlam.edu.ar
14316615;;3273;ALFREDO VICTOR;LIONETTI;2/8/1961;011-6699-2520;alionetti@unlam.edu.ar
14363692;;3529;MARIANO ROGELIO;AGUAS;15/2/1961;2067 9781;maguas@unlam.edu.ar
14408461;;5702;JUAN ANTONIO JORGE;IZURA DUVIGNEAU;4/5/1961;46290974;jizura@unlam.edu.ar
14430310;;5279;SALVADOR RICARDO;ZAPPALA;4/5/1961;4641-8782;szappala@unlam.edu.ar
14435326;;5273;MARCELO GABRIEL;FRANCO;11/6/1961;4-658-8819;mfranco@unlam.edu.ar
14445489;;3422;CECILIA;RODRIGUEZ;27/2/1961;4613-9863;cerodriguez@unlam.edu.ar
14457866;;5166;OSCAR MARIO;VIDELA;18/1/1962;46519318;ovidela@unlam.edu.ar
14468741;;2676;HUGO FERNÁN;MILIONE;18/5/1961;4795-2851;hmilione@unlam.edu.ar
14495432;;180;JOSE GABRIEL FELIPE;YAMUNI;5/1/1961;4855-7654;jyamuni@unlam.edu.ar
14497836;;2808;CARLOS ORLANDO;LOPEZ;8/1/1962;4541 7435;colopez@unlam.edu.ar
14498787;;4345;CARLOS ALBERTO;CONDE;2/10/1961;4691 2141;cconde@unlam.edu.ar
14508641;;4074;ADRIAN GUSTAVO;CONRADO;18/7/1961;4658-4103;aconrado@unlam.edu.ar
14512994;;3899;JOSE RICARDO;JAUREGUI;1/2/1963;4524-1973;jjauregui@unlam.edu.ar
14526625;;5529;ANA INES;GUTIERREZ COSTA;20/8/1962;4864-9365;agutierrez@unlam.edu.ar
14526625;;5529;ANA INES;GUTIERREZ COSTA;20/8/1962;4864-9365;angutierrezcosta@unlam.edu.ar
14531276;;4486;ROBERTO SANTIAGO;TROTTA;2/9/1961;54243877;rtrotta@unlam.edu.ar
14565815;;3732;PATRICIA LILIANA;RAGGIO;16/11/1960;4458-3791;praggio@unlam.edu.ar
14575276;;2332;GRACIELA ROSANA;GARRIDO;14/7/1961;4484-1878;ggarrido@unlam.edu.ar
14585147;;2369;RICARDO HORACIO;GONZALEZ;27/5/1961;4635-5624;rigonzalez@unlam.edu.ar
14652685;;6030;MARCELA ELVIRA;ENGEMANN;26/10/1961;;mengemann@unlam.edu.ar
14679557;;6564;HUGO GUILLERMO;RODOFILE;25/2/1961;4650-1019;hurodofile@unlam.edu.ar
14728107;;5038;CRISTIAN GUSTAVO;PANIGADI;20/9/1961;35359615;gpanigadi@unlam.edu.ar
14731791;;1763;SERGIO ENZO;ZANON;15/12/1961;4441-1470;szanon@unlam.edu.ar
14731881;;1553;HECTOR OSCAR;LOPEZ;10/12/1961;46421696;hlopez@unlam.edu.ar
14739292;;6223;SERGIO VIRGILIO;TORRES;25/7/1961;4622-3580;svtorres@unlam.edu.ar
14740666;;2265;SANDRA CLAUDIA;LUCHETTI;11/1/1962;4-650-3038;sluchetti@unlam.edu.ar
14741458;;3578;MIRTHA INES;FRANCESE;27/4/1961;4659-2293;mfrancese@unlam.edu.ar
14807652;;4454;CLAUDIO VICTOR;PICOTTI;22/8/1961;39718532;cpicotti @unlam.edu.ar
14812631;;3301;MARCELO;ALTOMARE;15/4/1962;4951-7261;maltomare@unlam.edu.ar
14818547;;2626;MARIANA GERTRUDIS;VENSAUS;22/1/1962;4790-9908;mvensaus@unlam.edu.ar
14819411;;849;BRIGIDA INES;LAVIGNOLLE;17/11/1961;44895422;blavignolle@unlam.edu.ar
14824589;;5523;VICTOR HUGO;HOUDIN;12/4/1962;4462-4179;vhoudin@unlam.edu.ar
14868257;;1034;PETRONA DEL CARMEN;MALDONADO;27/9/1961;5083-2016;cmaldonado@unlam.edu.ar
14874784;;2052;RODOLFO EMILIO;CASTIÑEIRAS;30/6/1962;4245-2556;rcastinieiras@unlam.edu.ar
14885225;;5563;EDUARDO RICARDO;DONZA;29/9/1962;48275192;edonza@unlam.edu.ar
14902202;;1098;MARÍA VICTORIA;SANTORSOLA;19/9/1962;4584-4558;vsantors@unlam.edu.ar
14908201;;427;ANDREA PAULA;PRADO;13/6/1962;4484-2355;aprado@unlam.edu.ar
14908443;;2014;MONICA IRENE;LARROSA;22/7/1962;(011)4484-3093;mlarrosa@unlam.edu.ar
14927859;;3948;GUILLERMO;SCAGLIONE;5/5/1962;(011) 4797-7618;gscaglione@unlam.edu.ar
14935554;;5233;DANIEL ANGEL;AULICINO;21/1/1962;4466-0418;daulicino@unlam.edu.ar
14970265;;2147;LEONARDO JOSE;BLAUTZIK;3/6/1962;4244-2632;lblautzik@unlam.edu.ar
14986766;;5317;RAÚL ALBERTO;SILVA;21/9/1961;3526-2081;rsilva@unlam.edu.ar
14997088;;1887;IRIS SUSANA;MORENA;8/4/1962;2068-5656;imorena@unlam.edu.ar
14997395;;1506;ANA CLAUDIA;SARACENI;13/2/1962;0220-4853949;asaraceni@unlam.edu.ar
16021260;;5414;SANDRA MARIA;MENDOZA;16/1/1963;4454-7617;smendoza@unlam.edu.ar
16037731;;4427;CRISTINA ADELA;PEREZ VILLAMIL;10/7/1962;4622 9980;crperezvillamil@unlam.edu.ar
16046593;;6595;MABEL IRMA;MORAL;4/1/1966;20539276;mmoral@unlam.edu.ar
16050018;;1536;CARLOS EDUARDO;MAIDANA;14/9/1962;44626248;cmaidana@unlam.edu.ar
16050038;;490;CARLOS EDUARDO;GONZALEZ LA RIVA;9/10/1962;4654-9545;cgonzalezlariva@unlam.edu.ar
16050516;;3694;JUAN CARLOS;CARRETERO;29/3/1962;4443-8980;jcarretero@unlam.edu.ar
16050527;;4510;ENZO ANTONIO;DEL BEN;1/12/1962;46231806;edelben@unlam.edu.ar
16068754;;9065;ANA ELISA;GIRALDEZ;11/6/1962;4963-6152;agiraldez@unlam.edu.ar
16086376;;2038;GLADYS NOEMI;KAPLAN;24/9/1962;011-3600-1249;gkaplan@unlam.edu.ar
16106655;;9063;EUGENIO ALBERTO;PETRONE;18/2/1963;4626-0278;epetrone@unlam.edu.ar
16111429;;2345;MARCELO GUSTAVO;DENENBERG;4/6/1962;4629-5629;mdenenberg@unlam.edu.ar
16113398;;2425;CLAUDIO DOMINGO;CALI;25/5/1962;4659-5448;ccali@unlam.edu.ar
16124140;;1469;MARCELO GUILLERMO;PEREZ GUNTIN;29/12/1962;447948074;marcepg@unlam.edu.ar
16126951;;5181;MYRIAM PATRICIA;OBREGON;7/9/1962;011-1569863197;mobregon@unlam.edu.ar
16126951;;5181;MYRIAM PATRICIA;OBREGON;7/9/1962;46593190;mobregon@unlam.edu.ar
16130823;;5910;GABRIELA MARISA;LOURTAU;26/1/1963;1554002593;glourtau@unlam.edu.ar
16130823;;5910;GABRIELA MARISA;LOURTAU;26/1/1963;4543-8307;glourtau@unlam.edu.ar
16134934;;5024;FERNANDO MARIO;LA ROSA;16/8/1962;47530511;flarosa@unlam.edu.ar
16137786;;3247;CARLOS DANIEL;CASTELLANOS;3/1/1963;4632-6333;ccastellanos@unlam.edu.ar
16145325;;1570;DANIEL OSCAR;DIAZ;18/2/1963;4629 5666;ddiaz@unlam.edu.ar
16164334;;751;SILVIA NOEMI;PEREZ;1/10/1963;4566-3576;sperez@unlam.edu.ar
16171780;;4034;MERCEDES DEL CARMEN;ALBORNOZ;20/9/1962;1564425430;malbornoz@unlam.edu.ar
16185080;;1702;MARCELA ELISABET;BELLANI;8/7/1962;44841293;mbellani@unlam.edu.ar
16192373;;2953;SUSANA RUTH;SABAN;19/1/1963;4523 0020;ssaban@unlam.edu.ar
16192432;;1707;GUILLERMO CARLOS;LORENZO;27/3/1963;4469-2673;glorenzo@unlam.edu.ar
16214133;;4484;VIVIANA MONICA;SANCHEZ;16/7/1962;4629 5792;vsanchez@unlam.edu.ar
16219755;;2050;GUSTAVO ALBERTO;RAIDE;15/2/1963;4702-9278;graide@unlam.edu.ar
16266299;;3512;NESTOR ROLANDO;OROZCO;28/5/1963;4670-0139;norozco@unlam.edu.ar
16300462;;1459;FABIANA IRENE;GRINSZTAJN;28/3/1963;445716418;fgrinsztajn@unlam.edu.ar
16386958;;194;GERARDO ANGEL;FERNANDEZ;13/9/1963;;gafernandez@unlam.edu.ar
16422510;;4756;GRACIELA BEATRIZ;CARTA;31/12/1962;4821 6702;gcarta@unlam.edu.ar
16492225;;2120;GABRIELA PATRICIA;GABAY;26/8/1963;4932-8672;ggabay@unlam.edu.ar
16513412;;6249;SERGIO DANIEL;CONDE;5/1/1964;59679372;sconde@unlam.edu.ar
16520771;;1514;ADRIANA INES;MASSIMO;6/11/1963;4458-1787;amassimo@unlam.edu.ar
16556772;;2247;DAMIAN;AZZINARI;25/7/1963;4659-4949;dazzinari@unlam.edu.ar
16557773;;852;FERNANDO ALBERTO;LAIÑO;8/10/1963;4988-9712;flaino@unlam.edu.ar
16559320;;3362;LUIS AUGUSTO;CIGNOLA;18/10/1963;4961-9604;lcignola@unlam.edu.ar
16559706;;2473;ALEJANDRA MARIA;DE LOS RIOS;8/7/1963;4243-3343;adelosrios@unlam.edu.ar
16580353;;3845;ALEJANDRO JAVIER;PATRINOS;21/3/1963;3973-0274;apatrinos@unlam.edu.ar
16583936;;430;LINA MARGARITA;ROSSI;30/9/1963;47.180.213;lrossi@unlam.edu.ar
16599804;;2511;CESAR FABIAN;PIÑERO;17/1/1964;4650-4657;cpinero@unlam.edu.ar
16638511;;4846;ALEJANDRO ALBERTO;ABACA;2/11/1963;15-4772-0608;aabaca@unlam.edu.ar
16657139;;3447;GABRIEL ANIBAL;GARCIA;3/7/1963;;gabrielgarcia@unlam.edu.ar
16657139;;3447;GABRIEL ANIBAL;GARCIA;3/7/1963;4443-9338;gabrielgarcia@unlam.edu.ar
16731339;;89;GUILLERMO BLAS;SENTONI;30/9/1964;4896-1259;gsentoni@unlam.edu.ar
16738236;;6801;JUAN PABLO;ETCHEVERRY;28/9/1964;46040044;jetcheverry@unlam.edu.ar
16751256;;445;ANA GABRIELA;ESCOBEDO;3/3/1964;5330-9222;aescobedo@unlam.edu.ar
16762861;;5968;MONICA VIVIAN;ETTLIN;12/10/1963;47860644;mettlin@unlam.edu.ar
16766149;;4249;FABIANA ANDREA MARIA;GIANNINI;9/3/1964;4855-1494;fgiannini@unlam.edu.ar
16774402;;5974;MARIA CRISTINA;DANIELE;23/10/1963;44615725;mdaniele@unlam.edu.ar
16774402;;5974;MARIA CRISTINA;DANIELE;23/10/1963;4461-5725;mdaniele@unlam.edu.ar
16774713;;3004;SALVADOR;COMPARONE;30/4/1964;46.506.180;scomparone@unlam.edu.ar
16793174;;3584;MARIA FERNANDA;STRATICO;28/12/1963;4798-0446;fstratico@unlam.edu.ar
16795090;;69;CRISTIAN JAVIER;CABRAL;30/11/1964;15-44775085;ccabral@unlam.edu.ar
16809396;;3323;NANCY BEATRIZ;MUGICA;20/12/1963;4-654-2563;nmugica@unlam.edu.ar
16832056;;2217;MONICA CRISTINA;AUBIN;11/11/1963;4242-1055;maubin@unlam.edu.ar
16878115;;1962;ROXANA;SCORZO;30/12/1963;4650-2739 MADRE;rscorzo@unlam.edu.ar
16879764;;3605;FERNANDO;JAIME;11/5/1964;4433-5191;fjaime@unlam.edu.ar
16891563;;4213;DANIEL ADOLFO;SCHEINSOHN;11/11/1963;4672 8148;dscheinsohn@unlam.edu.ar
16908558;;3232;GERARDO CLEMENTE;GAYOL;10/2/1965;155-759-0591;ggayol@unlam.edu.ar
16916132;;3666;ANDREA MABEL;FURST;17/9/1963;4661-4234;afurst@unlam.edu.ar
16916590;;3014;MARIA GABRIELA;SILVA;26/8/1962;46549097;msilva@unlam.edu.ar
16916954;;780;ADRIANA ELBA;PIDOTO;4/2/1964;44434104;apidoto@unlam.edu.ar
16921118;;1719;GUILLERMO VICTOR;BURANITS;15/8/1964;44810903;gburanits@unlam.edu.ar
16921156;;809;MARIA FERNANDA;ESPELTA;22/6/1964;4790-1410;mespelta@unlam.edu.ar
16929549;;5577;NORA ANGELICA;CARRA;5/1/1964;4758-2870;ncarra@unlam.edu.ar
16937425;;3343;FRANCO MARCELO;FIUMARA;22/6/1964;4648-0575;ffiumara@unlam.edu.ar
16945155;;805;RAFAEL IGNACIO;RUFFO;21/5/1965;4586-0264;rruffo@unlam.edu.ar
16948431;;3827;CRISTINA JUDIT;OTEGUI;12/1/1965;15-3382-8104;cotegui@unlam.edu.ar
16962233;;758;DANIEL ROBERTO;ESCRIBANO;12/6/1964;4203-7155;describano@unlam.edu.ar
16967800;;1804;JORGE GABRIEL (H);MIRABELLI;30/4/1965;15-3040-2951;jmirabelli@unlam.edu.ar
16967800;;1804;JORGE GABRIEL (H);MIRABELLI;30/4/1965;44813596;jmirabelli@unlam.edu.ar
16973949;;393;FABIAN ROBERTO;MONTERO;6/6/1964;4443-5329;fmontero@unlam.edu.ar
16976223;;3356;HECTOR MARIA;HUICI;20/7/1964;4781-2399;hhuici@unlam.edu.ar
16976471;;2235;CLAUDIA GABRIELA;ALDERETE;20/9/1964;4-659-6502;calderete@unlam.edu.ar
16977350;;3391;LAURA ANA;FAIN;13/1/1964;4687-4413;LFAIN@unlam.edu.ar
16978346;;1926;RENATA SILVIA;GUATELLI;28/9/1964;4293-1873;rguatelli@unlam.edu.ar
17015761;;3258;PATRICIA;SCHETTINI;19/2/1964;4253-9002;pschettini@unlam.edu.ar
17036102;;3112;RUBEN DANIEL;IGLESIAS;27/9/1964;;sincorreo@unlam.edu.ar
17050849;;1598;JAVIER;DIOGUARDI;22/10/1964;46294788;jdioguardi@unlam.edu.ar
17061077;;3659;MARCELO NARD;MARTINEZ ALBERTE;25/5/1965;4816-6848;mnmartinez@unlam.edu.ar
17119126;;3508;FERNANDO JAVIER;MARCOS;24/4/1965;4483-3317;fmarcos@unlam.edu.ar
17125826;;4087;CARLOS ALFREDO;BARCALA;16/4/1964;4654 5662;cbarcala@unlam.edu.ar
17179473;;3734;NILDA SANDRA;PERALTA;11/7/1964;4921-6336;nperalta@unlam.edu.ar
17198364;;2186;CRISTINA MARIA;PEREZ;1/11/1964;4651--2716;crperez@unlam.edu.ar
17200447;;493;CLAUDIA FABIANA;ANDRADA;16/9/1964;2054-1973;candrada@unlam.edu.ar
17255753;;425;RUBÉN ALEJANDRO;MARX;18/11/1964;47818621;rmarx@unlam.edu.ar
17256533;;5700;MONICA VIVIANA;MASCAREÑO;6/11/1964;11-3511-1902;mmascarenos@unlam.edu.ar
17267258;;406;CARLOS ANDRES;URQUIZA;23/5/1964;2064-6204;curquiza@unlam.edu.ar
17299068;;3646;MARIA ISABEL;LOPEZ;6/9/1965;4645-0639;milopez@unlam.edu.ar
17299224;;5298;SILVIA LILIANA;MONTES;17/3/1964;4657-7174;smontes@unlam.edu.ar
17305110;;4057;RICARDO ADRIAN;PARRA;4/5/1965;4641-8524;rparra@unlam.edu.ar
17306758;;1490;JUAN DOMINGO;CORSO;11/6/1965;4571-4175;jdcorso@unlam.edu.ar
17332588;;3788;HERNAN JAVIER;ALDANA MARCOS;10/8/1964;6380 1139;maldana@unlam.edu.ar
17338531;;822;DANIEL RAMIRO;GORDO DIAZ;23/2/1965;1565749038;dgordo@unlam.edu.ar
17343237;;3375;ANA CAROLINA;EZEIZA POHL;22/6/1961;4650-4518;cezeizapohl@unlam.edu.ar
17345072;;5164;ALBERTO NICOLAS;VIRDO;25/2/1967;49216204;avirdo@unlam.edu.ar
17356559;;5559;ALICIA SUSANA;CASTILLO;28/7/1964;46541252;acastillo@unlam.edu.ar
17357589;;3055;CLAUDIA LEONOR;TENISI;6/2/1965;4626-3312;ctenisi@unlam.edu.ar
17358548;;1636;PATRICIA FABIANA;ESCABOSA;17/3/1965;4656-7694;pescabosa@unlam.edu.ar
17358629;;1720;GUSTAVO ARIEL;AGUSTIN;18/2/1965;466181406;gagustin@unlam.edu.ar
17358778;;405;FERNANDA BEATRIZ;BEJARANO;28/7/1965;44821041;fbejarano@unlam.edu.ar
17362684;;906;NORMA EDITH;CARVAJAL;1/11/1964;(011)15-5012-2168;ncarvajal@unlam.edu.ar
17362684;;906;NORMA EDITH;CARVAJAL;1/11/1964;4631-3854;ncarvajal@unlam.edu.ar
17365201;;4032;GUILLERMO RAUL;MACIAS;31/8/1965;4782-2173;gmacias@unlam.edu.ar
17378479;;2624;MARIELA;DELAURO;13/9/1965;48961259;mdelauro@unlam.edu.ar
17400849;;1635;SILVIA CRISTINA;BIDONDO;7/6/1965;4653-6992;sbidondo@unlam.edu.ar
17406346;;2223;GABRIELA VIVIANA;MAGENTA;1/10/1964;4863-9588;gmagenta@unlam.edu.ar
17455761;;3773;SILVIA;FIGUEREDO;26/3/1965;4772 6886;sfigueredo@unlam.edu.ar
17475764;;462;FRANCISCO DANIEL;DI SIBIO;2/11/1965;46526469;fdi@unlam.edu.ar
17476138;;1713;MARCELO DANTE;CAIAFA;13/7/1965;4654-5312;mcaiafa@unlam.edu.ar
17476186;;1842;MIRIAM ANDREA TERESA;BARONE;26/1/1965;5711-5204;mbarone@unlam.edu.ar
17476690;;2187;NORMA;SARTOR;4/12/1965;4441-3630;nsartor@unlam.edu.ar
17487152;;3627;JORGE OMAR;FREGA;27/10/1965;4624-4773;jfrega@unlam.edu.ar
17488300;;3601;TIBERIO MAXIMILIANO;PARDIÑAS;4/8/1965;4962-0280;tpardinas@unlam.edu.ar
17488316;;3360;NORBERTO ALEJANDRO;BURLANDO PAEZ;16/4/1965;4361-3690;aburlando@unlam.edu.ar
17531890;;705;LUCIANA EDITH;VENERANDA;16/2/1966;47749978;lveneranda@unlam.edu.ar
17542316;;3664;EDUARDO GUILLERMO;ROVEDA;18/10/1965;4226-9745;eroveda@unlam.edu.ar
17546553;;52;SEBASTIAN RODRIGO;GARBER;28/1/1965;4902-5068;sgarber@unlam.edu.ar
17546572;;3927;MAXIMO;MACEIRA ARANA;23/5/1965;4797 7766;mmaceira@unlam.edu.ar
17546879;;1802;JOSE LUIS;CABRERA;19/6/1965;46729384;jcabrera@unlam.edu.ar
17549877;;981;PABLO;ZANOR;11/1/1966;4-441-8935;pzanor@unlam.edu.ar
17586119;;1771;VERONICA INES;AUBIN;16/5/1965;42421241;vaubin@unlam.edu.ar
17597893;;1860;PABLO;VIZCAINO;31/1/1965;46877909;pvizcaino@unlam.edu.ar
17602609;;3586;DANIEL EDUARDO;ROMEO;5/7/1965;47514103;dromeo@unlam.edu.ar
17606774;;6453;PATRICIA ANDREA;SPINELLI;22/10/1965;(011)15-5157-3949;pspinelli@unlam.edu.ar
17617946;;1255;LUIS ENRIQUE;FAUROUX;29/10/1965;15-5844-9470;lfauroux@unlam.edu.ar
17617946;;1255;LUIS ENRIQUE;FAUROUX;29/10/1965;4763 4425;lfauroux@unlam.edu.ar
17623030;;3308;GRACIELA LAURA;BARBIERI;19/2/1966;4624-4078;gbarbieri@unlam.edu.ar
17632609;;2925;DANIEL NESTOR;YASKY;12/11/1965;48802515;dyasky@unlam.edu.ar
17632875;;6359;MARCELA ELIZABETH;CASAS;4/11/1965;44611155;mecasas@unlam.edu.ar
17633162;;510;MARIA GABRIELA;MOLINA;17/11/1965;4620-3727;mgmolina@unlam.edu.ar
17635849;;53;GUSTAVO HUGO;DUEK;25/9/1965;4584-6413;gduek@unlam.edu.ar
17645102;;1458;ALDO SANTIAGO;IGARZA;29/5/1966;15-5025-7684;asigarza@unlam.edu.ar
17662998;;4477;MARCELO HORACIO;LOFIEGO;18/11/1965;48900313;mlofiego@unlam.edu.ar
17686258;;360;GUSTAVO EDUARDO;SODERINI;18/10/1965;4931-7342;gsoderini@unlam.edu.ar
17708230;;3184;ADRIAN ROBERTO;ARROYO;18/6/1965;46509113;arroyo@unlam.edu.ar
17708940;;373;ADRIAN SERGIO;SANCCI;7/6/1966;;asancci@unlam.edu.ar
17743813;;5479;ENRIQUE LUCIO;BOLLANA;17/2/1966;4629-4026;ebollana@unlam.edu.ar
17754469;;4124;MARCELO;GRIFO;8/3/1966;4622 6538;mgrifo@unlam.edu.ar
17761914;;965;IRENE;DINARO;13/5/1966;4-641-3625;idinaro@unlam.edu.ar
17778549;;496;PABLO ALEJANDRO;LENA;20/2/1965;1544782300;plena@unlam.edu.ar
17784065;;1544;CARLOS ALBERTO (H);HERNANDEZ;28/4/1966;46587382;chernandez@unlam.edu.ar
17785322;;4662;RAUL DARIO;GALLECIO;29/6/1966;1146547761;rgallecio@unlam.edu.ar
17785322;;4662;RAUL DARIO;GALLECIO;29/6/1966;4654 7761;rgallecio@unlam.edu.ar
17795414;;4516;GABRIEL ANIBAL;CELENTANO;16/1/1966;46290928;gcelentano@unlam.edu.ar
17800881;;517;SANDRA ELIZABETH;PUCHE;8/4/1966;1135271103;spuche@unlam.edu.ar
17838891;;2131;JORGE ANTONIO;FITER;19/9/1966;4483-5970;jfiter@unlam.edu.ar
17838924;;5567;MARIANA EMMA;QUADRINI;27/9/1965;4654-6523;mquadrini@unlam.edu.ar
17881259;;2537;ELISABETH RUTH;HERRERIA;31/8/1966;4901-0498;eherreria@unlam.edu.ar
17900021;;5560;OSCAR ALEJANDRO;GOITEA;10/11/1965;4690-0767;agoitea@unlam.edu.ar
17933326;;385;MONICA SILVIA;PERGAR;30/12/1965;46525059;mpergar@unlam.edu.ar
17942037;;3359;CLAUDIA AURORA;PENNACCHINI;22/11/1965;4656-2744;pennacchini@unlam.edu.ar
17953334;;6818;CLAUDIA GABRIELA;DOGLIOTTI;1/4/1986;46040044;cdogliotti@unlam.edu.ar
17955224;;1229;JORGE PABLO;DALBES;8/6/1966;4568-5253;jdalbes@unlam.edu.ar
17965228;;2538;PABLO GABRIEL;PROVENZANO;5/8/1966;2204857162;pprovenzano@unlam.edu.ar
17988816;;2055;OSCAR GUSTAVO;MARASCA;3/4/1966;4865-1050;omarasca@unlam.edu.ar
18023299;;2160;MABEL HAYDEE;COMPAGNONI;19/7/1966;2062-4908;mcompagnoni@unlam.edu.ar
18023650;;3924;CLAUDIA;MARCOVECCHIO;22/12/1966;4469-0417;cmarcovecchio@unlam.edu.ar
18048176;;1460;ALEXIS PABLO;VILLAMAYOR;21/10/1966;4654-0315;avillamayor@unlam.edu.ar
18078122;;1504;MARCELA CRISTINA;FALSETTI;14/4/1966;4641-5448;mfalsetti@unlam.edu.ar
18087903;;272;GABRIELA ANGELA;GOMEZ;10/8/1966;4441-6860;ggomez@unlam.edu.ar
18089220;;344;SILVIA MARISA;RAMPELLO;29/4/1967;4669-7166;srampello@unlam.edu.ar
18096722;;4179;SERGIO DANIEL;RAVIZZA;31/10/1966;4631 0842;sravizza@unlam.edu.ar
18098312;;4202;GUSTAVO RODOLFO;PIACENTINI;11/12/1966;6380 3703;gpiacentini@unlam.edu.ar
18100163;;3131;NANCY ELIZABETH;CARPINETTI;20/12/1966;;ncarpinetti@unlam.edu.ar
18119701;;971;FABIAN MARCELO RAMON;SUPITAL;13/1/1967;;fsupital@unlam.edu.ar
18130312;;6781;SILVIA ALEJANDRA;PERAZZO;18/11/1966;46327954;sperazzo@unlam.edu.ar
18138418;;1931;HORACIO RENE;DEL GIORGIO;7/1/1967;(011)4-702-9494;hdelgiorgio@unlam.edu.ar
18140899;;249;LAURA CRISTINA;POLOLA;19/2/1967;4622-9419 /4622-88;lpolola@unlam.edu.ar
18149218;;1604;CARLOS ALBERTO;BINKER;10/1/1967;4957-3903;cbinker@unlam.edu.ar
18160521;;5003;NORMA RENEE;BUFFA;1/6/1966;43054540;nobuffa@unlam.edu.ar
18160526;;4231;ADRIAN HECTOR;GAYOSO;11/11/1966;4460-2948;agayoso@unlam.edu.ar
18167544;;5527;JULIO OMAR;ZELARAYAN;9/6/1967;4307-2251;jzelarayan@unlam.edu.ar
18196346;;6809;ANIBAL;POSE;30/5/1967;20614651;apose@unlam.edu.ar
18202381;;4391;MARIA BEATRIZ;RAVANELLI;3/11/1966;4953 0992;bravanelli@unlam.edu.ar
18235024;;3218;DIEGO LUCIANO;MONASTERIO;25/5/1966;39805726;dmonasterio@unlam.edu.ar
18257608;;208;ADRIANA BEATRIZ;BLOTTA;1/3/1967;44894967;ablotta@unlam.edu.ar
18260179;;2844;PAULA GABRIELA VERON;LEON;24/10/1967;;pleon@unlam.edu.ar
18263746;;2170;CLAUDIA SANDRA;ALGIERI;12/4/1967;4443-4770;calgieri@unlam.edu.ar
18278981;;2099;LAURA MARCELA;ZAVALA;27/3/1967;4629-2743;lzavala@unlam.edu.ar
18316674;;1729;MAURICIO OMAR;DA ROCHA;16/1/1967;4489-0409;mdarocha@unlam.edu.ar
18317873;;4616;SILVANA KARINA;MOREIRA;26/6/1967;46350258;smoreira@unlam.edu.ar
18321698;;6847;KARIN SILVANA;KOPITOWSKI;1/11/1966;44318493;kkapitowski@unlam.edu.ar
18323527;;4998;RAFAEL PABLO;VARELA;21/5/1967;43224470;rafavarela@unlam.edu.ar
18324207;;4509;CARLOS DAVID;ZANINI;25/5/1967;46504419;czanini@unlam.edu.ar
18367432;;3952;MARIA DE LAS MERCEDES;ALBERTOLLI;12/12/1966;15-4960-6209;malbertolli@unlam.edu.ar
18367432;;3952;MARIA DE LAS MERCEDES;ALBERTOLLI;12/12/1966;4605 1409;malbertolli@unlam.edu.ar
18384731;;3389;DIEGO GABRIEL;BACCARELLI BURES;4/6/1967;4568-8883;bbaccarelli@unlam.edu.ar
18390211;;450;SANDRA CRISTINA;PINTO;8/5/1967;4639-9909;spinto@unlam.edu.ar
18394435;;937;CARLOS GABRIEL;CANEPA;20/6/1967;4953-5412;ccanepa@unlam.edu.ar
18401418;;5524;FERNANDO JAVIER;KRASNOV;17/6/1967;4583-6522;fkrasnov@unlam.edu.ar
18404031;;907;ROBERTO;GUIET;1/6/1967;449020084;rguiet@unlam.edu.ar
18410819;;3457;LAURA ISABEL;MARIN;23/9/1966;4458-1006;lmarin@unlam.edu.ar
18411526;;3045;NELSON HERNAN;CARDOSO;5/8/1967;4629-9175;ncardoso@unlam.edu.ar
18433586;;970;MARIANA INES;BARTOLOZZI;28/7/1967;3527-3917;mbartolozzi@unlam.edu.ar
18435841;;5388;LUCIA;DE NICOLA;6/7/1967;4441-2404;ldenicola@unlam.edu.ar
18443710;;5884;JUAN CARLOS;VERARDI;15/9/1967;;jverardi@unlam.edu.ar
18449485;;7220;MONICA SILVIA;LORDI;17/12/1967;15-6446-8644;mlordi@unlam.edu.ar
18449485;;7220;MONICA SILVIA;LORDI;17/12/1967;4469-0514;mlordi@unlam.edu.ar
18453675;;71;ALEJANDRO OSCAR;FINOCCHIARO;27/8/1967;4583-7184;afinocchiaro@unlam.edu.ar
18506584;;169;GABRIEL ESTEBAN;BLANCO;30/9/1967;4659 9661;gblanco@unlam.edu.ar
18540008;;1601;FABIO ERNESTO;RIVALTA;28/10/1967;46289536;frivalta@unlam.edu.ar
18558123;;5055;MARCELA ROSANA;BARCENA;1/10/1967;46213887;mbarcena@unlam.edu.ar
18563675;;5692;JUAN MARTIN;DEL VALLE;24/9/1967;4863-4388;jdelvalle@unlam.edu.ar
18579435;;4869;GUSTAVO DANIEL;EFRON;3/8/1967;4854 6085;efron@unlam.edu.ar
18643182;;2666;GABRIELA SUSANA;CORA;22/8/1967;4247-6538;gcora@unlam.edu.ar
18660670;;1509;PAULA MARIANA;MACIEL;25/1/1967;49619761;pmaciel@unlam.edu.ar
18695500;;6767;ANA MARIA;FERNANDEZ COUSO;19/11/1958;20662016;cafernandez@unlam.edu.ar
18759075;;3252;ANDRES;DI LEO RAZUK;8/3/1971;20612407;adileo@unlam.edu.ar
18798209;;3763;ARTURO;LAGUADO DUCA;3/8/1959;(011) 4383-0105;alaguado@unlam.edu.ar
18822813;;3433;RICARDO ANGELO;DI SANZO;5/6/1963;4583-4953;rdisanzo@unlam.edu.ar
18831435;;3117;MARTIN ROBERTO;PEREZ RODRIGUEZ;21/3/1977;15-6367-1060;mprodriguez@unlam.edu.ar
20004669;;5237;ROXANA NORMA;GESTAL;12/1/1968;4469-0371;rgestal@unlam.edu.ar
20022136;;6816;LAURA CRISTINA;AGUIRRE;23/3/1968;1146911130;laguirre@unlam.edu.ar
20022136;;6816;LAURA CRISTINA;AGUIRRE;23/3/1968;15-40459441;laguirre@unlam.edu.ar
20069789;;1856;JOSE ANTONIO;RZEPA;18/4/1968;46516357;jrzepa@unlam.edu.ar
20204106;;5754;GUSTAVO JAVIER;GARCIA;6/8/1968;15-5042-0145;gugarcia@unlam.edu.ar
20251378;;1700;GABRIELA MIRTA;OCAMPO;21/5/1968;4432-1352// 4902-6;gocampo@unlam.edu.ar
20317738;;1624;ALICIA LAURA;MON;2/2/1969;4744-3297;amon@unlam.edu.ar
20341444;;4676;RAUL;NOVOA;4/7/1968;4791 4140;rnovoa@unlam.edu.ar
20351479;;4261;VALERIA BEATRIZ;SURBANO RODRIGUEZ;11/8/1968;15-6179-3097;rsurbano@unlam.edu.ar
20351479;;4261;VALERIA BEATRIZ;SURBANO RODRIGUEZ;11/8/1968;45723649;rsurbano@unlam.edu.ar
20355347;;3333;GERMAN;KRIVOCAPICH;29/4/1968;4799-7798;gkrivocapich@unlam.edu.ar
20365378;;3648;CARLOS SALUSTIANO;AGUIRRE;7/6/1968;4464-5077;caguirre@unlam.edu.ar
20369108;;2008;ANDREA FABIANA;VERA;28/7/1968;4462-7648;avera@unlam.edu.ar
20520398;;6256;HECTOR RICARDO;NUÑEZ;28/9/1968;4460 1849;hnuniez@unlam.edu.ar
20536786;;3431;JUAN IGNACIO;DOBERTI;3/11/1968;4553-2596;jdoberti@unlam.edu.ar
20572695;;3740;RAUL ATILIO JORGE;BARONI;30/1/1969;4487-1427;rbaroni@unlam.edu.ar
20576208;;810;MARIA LAURA;TAGINA;28/11/1968;47676657;mtagina@unlam.edu.ar
20586182;;461;MARCELA ELIZABETH;DRAGANI;13/12/1968;4484-7165;mdragani@unlam.edu.ar
20592518;;3138;ALEJANDRO CARLOS;BOTTINI BULIT;10/1/1969;4651-0277;abottini@unlam.edu.ar
20593370;;2074;CARLOS HORACIO;PELIZA;20/12/1968;15-5992-8656;cpeliza@unlam.edu.ar
20593370;;2074;CARLOS HORACIO;PELIZA;20/12/1968;4657-6324;cpeliza@unlam.edu.ar
20618552;;1830;CLAUDIA ALEJANDRA;MALLO;21/3/1969;;cmallo@unlam.edu.ar
20618595;;4980;ALEJANDRO GABRIEL;FOURCADE;25/3/1969;46547245;afourcade@unlam.edu.ar
20694913;;823;LUIS MARIANO;MONGELO;4/2/1969;0;lmongelo@unlam.edu.ar
20695503;;601;ELIO ADRIAN;CHAIEB MAROTTA;8/2/1969;4661-9219;mchaieb@unlam.edu.ar
20703535;;5933;CESAR ISIDORO;ZERBINI;25/10/1969;;czerbini@unlam.edu.ar
20748463;;2123;MARCELO ANTONIO;MARQUEZ;12/10/1969;4482-3134;mmarquez@unlam.edu.ar
20771025;;3811;CECILIA BEATRIZ;LOISI;23/1/1969;4686 3962;cloisi@unlam.edu.ar
20860263;;2515;MARCELO ADRIAN;JUAREZ;14/3/1969;4484-2337;mjuarez@unlam.edu.ar
20891170;;5186;MARCELO CLAUDIO;MOLARO;14/4/1969;4654-8048;mmolaro@unlam.edu.ar
20969188;;4366;CLARA;FERRANDO;7/11/1969;45019646;cferrando@unlam.edu.ar
20984826;;4551;RUBEN ANTONIO;CORIA;18/6/1969;44825927;rcoria@unlam.edu.ar
21004468;;4497;SANDRA MABEL;MARCOS GONZALEZ;30/8/1969;49881412;smarcos@unlam.edu.ar
21052631;;62;JULIO ALEJANDRO;MARTÍNEZ;10/10/1969;46505282;alemartinez@unlam.edu.ar
21055141;;3623;FELIX ALEJANDRO;ACUTO;21/7/1969;4784-3875;facuto@unlam.edu.ar
21086675;;2937;KARINA;FACCIA;5/11/1969;4461 3036;kfaccia@unlam.edu.ar
21093309;;2048;ESTEBAN LUIS;SECONDI;13/9/1969;4922-4604;esecondi@unlam.edu.ar
21094304;;3053;ALEJANDRO MAXIMILIANO;SCHELL;8/10/1969;4897-6268;aschell@unlam.edu.ar
21114859;;2919;KARINA SILVIA;PEDACE;24/12/1969;4588-0405;kpedace@unlam.edu.ar
21116030;;3425;ROSANA GABRIELA;LEFEVRE;29/3/1969;4468-1309;rlefevre@unlam.edu.ar
21138559;;827;CAROLINA LIDIA;SALGAN;30/11/1969;4641-8724;csalgan@unlam.edu.ar
21141592;;2250;JOSE LUIS;BARRIOLUENGO;14/11/1969;011-5901-1898;jbarrioluengo@unlam.edu.ar
21155713;;3810;VIRGINIA NOEMI;CORDICH;10/11/1969;4251 6185;vcordich@unlam.edu.ar
21156924;;3999;MARIA FERNANDA;GOMEZ;26/11/1969;4641 4491;mfgomez@unlam.edu.ar
21177748;;5900;PABLO DARIO;SZTERNBERG;19/12/1969;1150150729;pszternberg@unlam.edu.ar
21177748;;5900;PABLO DARIO;SZTERNBERG;19/12/1969;15-5015-0729;pszternberg@unlam.edu.ar
21178411;;5829;VICTORIA;ACCORINTI;28/12/1969;4923-4860;vaccorinti@unlam.edu.ar
21429617;;4715;PATRICIA RAQUEL;ARNALDA;4/1/1970;52944634;parnalda@unlam.edu.ar
21429617;;4715;PATRICIA RAQUEL;ARNALDA;4/1/1970;5294-4634;parnalda@unlam.edu.ar
21431574;;4094;IVAN ROBERTO;PONCE MARTINEZ;23/1/1970;4629-1445;iponce@unlam.edu.ar
21438155;;2360;MYRIAN NOEMÌ;GIL;29/11/1969;4650-5559;mgil@unlam.edu.ar
21438217;;1965;LEONARDO OMAR;CATALANO;24/12/1969;4659-9251;locatalano@unlam.edu.ar
21440493;;3888;SILVIA GRACIELA;FONTAN;30/1/1970;(011)4613-8663;sfontan@unlam.edu.ar
21440493;;3888;SILVIA GRACIELA;FONTAN;30/1/1970;4613-8663;sfontan@unlam.edu.ar
21441892;;3680;MARIANO HUGO;BOIERO;16/1/1970;15-3044-4992;mboiero@unlam.edu.ar
21467381;;4153;ANDREA FABIANA;DIAZ;22/1/1970;1154568351;fadiaz@unlam.edu.ar
21467381;;4153;ANDREA FABIANA;DIAZ;22/1/1970;4696 4226;fadiaz@unlam.edu.ar
21470379;;466;MARCELA FABIANA;DAVILA;20/5/1970;4571-7881;mdavila@unlam.edu.ar
21493569;;5504;GABRIELA INES;D'ANUNZIO;22/5/1970;4661-9292;gdanunzio@unlam.edu.ar
21493930;;5565;LAURA JAQUELINE;LOPEZ;12/5/1970;20684083;jalopez@unlam.edu.ar
21535908;;2237;PABLO JAVIER;BENTAVERRI;21/5/1970;35282820;pbentaverri@unlam.edu.ar
21551150;;3484;PATRICIA ALEJANDRA;BINASCO;23/3/1970;4865-4313;pbinasco@unlam.edu.ar
21575902;;5936;MARINA LAURA;D'AMATO;18/4/1970;4431-8561;mdamato@unlam.edu.ar
21599264;;3235;WALTER;CERRUDO;4/4/1970;4229-8495;wcerrudo@unlam.edu.ar
21718431;;4299;ALBERTO EDGARDO;VIVANCO;23/6/1970;3531-7121;avivanco@unlam.edu.ar
21732067;;3361;DARIO RAUL;CAPELLI;22/6/1970;11-3889-3360;dcapelli@unlam.edu.ar
21764765;;5457;VERONICA ELISA;GALARDO;25/9/1970;20666014;vgalardo@unlam.edu.ar
21775760;;2333;BLANCA PATRICIA;YNSFRAN;12/12/1970;3528-2920;bynsfran@unlam.edu.ar
21786946;;4930;INES ELISABETH;CAPDEVILA;24/7/1970;4654-6234;icapdevila@unlam.edu.ar
21787114;;3833;LAURA ISABEL;ADAMANTINO;30/7/1970;11-4410-0035;ladamantino@unlam.edu.ar
21787114;;3833;LAURA ISABEL;ADAMANTINO;30/7/1970;4651-7050;ladamantino@unlam.edu.ar
21848139;;5170;SILVINA MARCELA;IGNELZ;19/3/1971;4-441-2936;signelz@unlam.edu.ar
21850684;;3316;SILVIA BEATRIZ;DEMIRDJIAN;15/11/1970;;sdemirdjian@unlam.edu.ar
21851769;;4349;MARCELO RODRIGO;WIÑAZKY;19/11/1970;4821 0471;mwinazki@unlam.edu.ar
21863317;;3147;LEANDRO GASTON;COPPOLECCHIO;8/12/1971;4200-0805;lcoppolecchio@unlam.edu.ar
21874234;;3399;LAURA ELIZABETH;MATO;4/10/1970;4654-9370;lmato@unlam.edu.ar
21885077;;399;HECTOR ALEJANDRO;RUSTICCINI;15/9/1970;1544183785;hrusticcini@unlam.edu.ar
21885077;;399;HECTOR ALEJANDRO;RUSTICCINI;15/9/1970;4758-9870;hrusticcini@unlam.edu.ar
21903374;;2100;JUAN ANDRÉS;DE CICCO;1/11/1970;15-3055-5136;jdecicco@unlam.edu.ar
21903374;;2100;JUAN ANDRÉS;DE CICCO;1/11/1970;4659-7403;jdecicco@unlam.edu.ar
21919199;;5934;SILVIA IRENE;WILBERGER;27/12/1970;3527-5571;swilberger@unlam.edu.ar
21943800;;5555;CAROLINA ALEJANDRA;ROSAS;25/3/1971;;crosas@unlam.edu.ar
21964734;;3262;GUSTAVO HECTOR;BERZAIZ;26/1/1971;4441-9908;gberzaiz@unlam.edu.ar
21982570;;3624;ADRIANA SANDRA;DALL'ORA;16/1/1971;4232-3766;adallora@unlam.edu.ar
22001458;;1971;ALEJANDRO MIGUEL;BEVILACQUA;17/6/1971;4642-6309;abevilacqua@unlam.edu.ar
22022703;;4041;SANDRA VIVIANA;GARCÍA;27/6/1971;15-3095-1692;sgarcia@unlam.edu.ar
22022703;;4041;SANDRA VIVIANA;GARCÍA;27/6/1971;2071-6046;sgarcia@unlam.edu.ar
22042450;;4316;DIEGO HERNAN;FRANCISCO;27/1/1971;4654-1829;dfrancisco@unlam.edu.ar
22045605;;2858;CRISTINA BEATRIZ;FERNANDEZ;3/6/1971;4691 3984;cbfernandez@unlam.edu.ar
22052189;;4091;GABRIELA MARIA;BARKATS VON WILLEI;22/1/1971;(011)4460-5630;gbarkats@unlam.edu.ar
22052189;;4091;GABRIELA MARIA;BARKATS VON WILLEI;22/1/1971;4460-5630;gbarkats@unlam.edu.ar
22061613;;5937;SILVIA VIRGINIA DEL;PUKAS;4/4/1971;;spukas@unlam.edu.ar
22081976;;3462;JAVIER MARTIN;TOLEDO;10/3/1971;155-980-4089;jtoledo@unlam.edu.ar
22100695;;3213;MARIANO GASTON;SOHANER;25/5/1971;4-458-3596;msohaner@unlam.edu.ar
22110075;;2845;HORACIO JORGE;PASCOLI;27/2/1971;4644 7066;hpascoli@unlam.edu.ar
22113672;;2426;JORGE LUIS;CORREA;30/3/1971;4843-0471;jocorrea@unlam.edu.ar
22183258;;5274;JAVIER PEDRO;GONZALEZ;20/4/1972;4626-2159;jpgonzalez@unlam.edu.ar
22190023;;5645;CECILIA VIVIANA;LACLAU;12/4/1971;4656-6203;claclau@unlam.edu.ar
22234904;;5165;MARIA VICTORIA;OYUELA RAMOS;28/5/1971;46596634;moyuela@unlam.edu.ar
22235468;;2494;PABLO ANDRES;GONZALEZ GALLI;11/6/1971;4461-3732;pgonzalezgalli@unlam.edu.ar
22276617;;1968;DIEGO ADRIAN;FERNANDEZ;12/6/1971;;fernandezda@unlam.edu.ar
22284003;;2973;EVA KARINA;MATTIS;15/4/1971;4625 1232;emattis@unlam.edu.ar
22285618;;6250;DIEGO CESAR;LAMANNA;29/6/1971;4988 0210;dlamanna@unlam.edu.ar
22285634;;2009;VIVIANA ALEJANDRA;LEDESMA;30/6/1971;4485-2695;vledesma@unlam.edu.ar
22285693;;4479;CLAUDIA;BECERRA GUTIERREZ;2/7/1991;49255151;cbecerra@unlam.edu.ar
22293455;;4721;DANIELA VIRGINIA;DELGADO LUNA;28/7/1971;4658-4655;dadelgado@unlam.edu.ar
22326690;;4681;JAVIER FERNANDO;ALBORNOZ PEREZ;23/9/1971;15-5459-6898;jalbornozperez@unlam.edu.ar
22360184;;832;VERONICA NORMA;MAILHES;29/10/1971;46597809;vmailhes@unlam.edu.ar
22367175;;5022;ROLANDO ERNESTO;DAUMAS;6/8/1971;39640742;rdaumas@unlam.edu.ar
22367351;;3197;MARÍA VALERIA;ANTELO;23/8/1971;4650-0133;vantelo@unlam.edu.ar
22432436;;4496;INES NOEMI;ANGELI;4/11/1971;46233056;iangeli@unlam.edu.ar
22452897;;3789;CLAUDIO ALBERTO;SÁNCHEZ;16/12/1971;4201 5551;casanchez@unlam.edu.ar
22481109;;407;LEANDRO ARIEL;FIORILLO;31/8/1971;46282544;lfiorillo@unlam.edu.ar
22481181;;3953;SANDRA SOLEDAD;FIGUEROA;20/9/1971;(011) 4485-5231;sfigueroa@unlam.edu.ar
22493704;;3649;MARIANO ARIEL;DOMINGUEZ TEJADA;23/2/1972;4641-5630;tdominguez@unlam.edu.ar
22494904;;6694;MARINA VICTORIA;MUIÑO;14/2/1972;1146576324;mmuino@unlam.edu.ar
22504532;;3007;DIEGO RODRIGO;CALVO;1/1/1972;;dcalvo@unlam.edu.ar
22508881;;2603;GUSTAVO ESTEBAN;CABRERA;8/8/1972;4487-0905;gcabrera@unlam.edu.ar
22550114;;3401;KARINA LORENA;LICALZI;17/11/1971;4650-1504;klicalzi@unlam.edu.ar
22550524;;6584;KARINA LAURA;MARTINEZ;27/12/1971;46596441;kmartinez@unlam.edu.ar
22586252;;3037;IANINA;TUÑON;19/1/1972;011-57115816;itunon@unlam.edu.ar
22608914;;4116;GUILLERMO ANTONIO;SAUCEDO;29/1/1972;4627-0751;gsaucedo@unlam.edu.ar
22647616;;3697;PABLO ANDRES;CASTAGNO;21/5/1972;4831-1709;pcastagno@unlam.edu.ar
22651303;;3047;DAVID EDGARDO;TRAJTEMBERG;28/2/1972;4760-7420;dtrajtemberg@unlam.edu.ar
22656454;;4802;SANDRA KARINA;MELLACE;6/5/1972;4304-3585;smallace@unlam.edu.ar
22675214;;3549;FERNANDO JULIAN;OLTRA SANTA CRUZ;25/12/1963;48030072;fcruz@unlam.edu.ar
22675246;;2638;SEBASTIAN DARIO;PEREZ PANNELLI;25/2/1972;1146517050;pperez@unlam.edu.ar
22675246;;2638;SEBASTIAN DARIO;PEREZ PANNELLI;25/2/1972;11-6157-5421;pperez@unlam.edu.ar
22757261;;2003;ADRIAN ERNESTO;KISIELEWSKY;11/6/1972;;ekisielewsky@unlam.edu.ar
22784302;;3049;DIEGO JAVIER;ROMERO;7/6/1972;4644-4363;djromero@unlam.edu.ar
22809134;;5547;PABLO;GRANOVSKY;7/10/1972;4383-3022;pgranovsky@unlam.edu.ar
22848002;;3718;CHRISTIAN DIEGO;RICHIARDI;18/7/1972;4687-9480;crichiardi@unlam.edu.ar
22911213;;1443;RUBEN DARIO;ROJAS;1/7/1972;02202-424965;rrojas@unlam.edu.ar
22933072;;5248;CARINA ALEJANDRA;IVO;29/10/1972;4454-8254;civo@unlam.edu.ar
22981816;;3906;CHRISTIAN ANGEL;VILLA;18/10/1972;4687 6644;cvilla@unlam.edu.ar
22993874;;3867;GUADALUPE;MANGIALAVORI;25/2/1973;4701 6848;gmangialavori@unlam.edu.ar
23010267;;3470;GRACIELA SILVINA;ARECES;23/10/1972;4644-4059;gareces@unlam.edu.ar
23073814;;3054;MIRNA ERICA;MANSOUR;1/12/1972;4669-6488;mmansour@unlam.edu.ar
23119043;;5231;FRANCISCO JAVIER;ALFONZO;9/1/1973;4441-1763;falfonzo@unlam.edu.ar
23124532;;1386;CECILIA VICTORIA;GARGANO;24/1/1973;4443-9338;cgargano@unlam.edu.ar
23127236;;2600;ANABELLA MARISA RUTH;ZANINI;24/2/1973;4865-5148;azanini@unlam.edu.ar
23154484;;3493;CARINA ALEJANDRA;ANDRIJASEVICH;4/2/1973;4461-5034;candrijasevich@unlam.edu.ar
23177498;;5693;CHRISTIAN FERNANDO;GAUNA;22/3/1973;;cfgauna@unlam.edu.ar
23364262;;3325;GABRIELA NOEMI;PINOLA;3/7/1973;4-642-4669;gpinola@unlam.edu.ar
23391821;;2894;SILVIA VERÓNICA;CUOZZO;16/7/1973;4443 2759;scuozzo@unlam.edu.ar
23451545;;6261;CARLOS HORACIO;SCALA;8/8/1973;20777790;cscala@unlam.edu.ar
23477015;;1890;PABLO ARIEL;ESPIÑEIRA;19/1/1974;4659-4662;pabloespineira@unlam.edu.ar
23477355;;2189;ALFREDO VLADIMIRO;AMATO;22/4/1974;4672-9331;aamato@unlam.edu.ar
23480737;;7027;VICTOR JOSE;ESPEJO;21/8/1973;4486-1398;vespejo@unlam.edu.ar
23511509;;3096;CAROLINA FLORENCIA;SANCHEZ;26/10/1973;4484-1261;cfsanchez@unlam.edu.ar
23515046;;4515;SEBASTIAN ANDRES;DE JESUS;27/7/1973;4650-0482;sdejesus@unlam.edu.ar
23552727;;7394;DANIEL NESTOR;CARRIZO;13/6/1974;43494390;dcarrizo@unlam.edu.ar
23568015;;6032;MYRIAM VERONICA;SUCHECKI;3/12/1973;4441-6346;msuchecki@unlam.edu.ar
23569890;;2564;GABRIELA;CORMICK;5/1/1974;4802-0955;gcormick@unlam.edu.ar
23614370;;5182;JORGE ALEJANDRO;MANSOUR;16/11/1973;446696488;jampol@unlam.edu.ar
23626415;;3829;MARIA LUJAN;LA FEMINA;30/10/1973;(011) 3527-9920;mlafemina@unlam.edu.ar
23643717;;6618;MARIA DE LA PAZ;COLONNA;26/11/1973;48220075;mcolonna@unlam.edu.ar
23669070;;5891;MARTIN GUSTAVO;FARINOLA;28/11/1973;4633-6341;mfarinola@unlam.edu.ar
23669360;;3303;ANDREA FABIANA;SCOTTO DI CARLO;5/12/1973;3971-0854;ascotto@unlam.edu.ar
23670195;;2905;FACUNDO;CARRIZO;25/12/1973;4669-0072;fcarrizo@unlam.edu.ar
23670446;;4603;CLAUDIA BEATRIZ;ALFONSO;23/12/1973;4486-0373;calfonso@unlam.edu.ar
23670604;;5351;IRIS MARIELA;SANCHEZ;31/12/1973;0237-466-0728;msanchez@unlam.edu.ar
23672468;;1970;ALEJANDRO GUSTAVO;FEDERICONI;15/2/1974;;afedericoni@unlam.edu.ar
23693324;;3716;MARIANA LORENA;ROSSINI;3/2/1974;4652-3461;mrossini@unlam.edu.ar
23701391;;1938;LORENA ROMINA;MATTEO;15/12/1974;4442-2841;lmatteo@unlam.edu.ar
23706375;;5531;FEDERICO AUGUSTO;ARZENO;19/2/1974;4372 90 51;farzeno@unlam.edu.ar
23753409;;3219;ANDREA CAROLINA;STIMOLI;5/1/1974;1144616516;cstimoli@unlam.edu.ar
23753409;;3219;ANDREA CAROLINA;STIMOLI;5/1/1974;4461-6516;cstimoli@unlam.edu.ar
23767454;;6324;DELIA SUSANA;VILLARROEL;27/4/1974;;devillarroel@unlam.edu.ar
23767454;;6324;DELIA SUSANA;VILLARROEL;27/4/1974;15-5848-9930;devillarroel@unlam.edu.ar
23782177;;2232;MARCOS HORACIO;ARRUE;12/1/1974;4460-2622;marrue@unlam.edu.ar
23787230;;4966;MARTIN;CARRANZA;6/12/1973;;mcarranza@unlam.edu.ar
23804874;;3345;MARÍA LAURA;PEPE;6/8/1974;4566-0847;mpepe@unlam.edu.ar
23810821;;6750;KARINA JUDITH;PEREZ;7/4/1974;1554654806;kperez@unlam.edu.ar
23833059;;2351;ROSA BEATRIZ;SANABRIA;1/3/1974;4656-6145;rsanabria@unlam.edu.ar
23839197;;2019;NOEMI MABEL;MEDINA;1/4/1974;4651-7738;nmedina@unlam.edu.ar
23866005;;1470;HERNAN DARIO;KIRYCZUN;4/4/1974;0237-405-6976;hkiryczun@unlam.edu.ar
23891466;;1999;JULIO MIGUEL;CRISPINO;18/3/1974;15-5220 0333;jcrispino@unlam.edu.ar
23927714;;2282;PABLO WITOLD;MARTINEZ;2/11/1974;;pmartinez@unlam.edu.ar
24004600;;4126;GABRIEL EDUARDO;GUZMAN;23/8/1974;4485 6933;gguzman@unlam.edu.ar
24004710;;3409;EZEQUIEL;VERA;7/5/1974;4658-1118;evera@unlam.edu.ar
24028012;;1898;NESTOR RAUL;MARIÑO;28/4/1974;15-6501-2878;nmarino@unlam.edu.ar
24030596;;2445;MARTIN HERNAN;ZEBALLOS;18/7/1974;4758-6445;mzeballos@unlam.edu.ar
24037550;;6240;CARLA LORENA;CROCCO;26/12/1974;4750 0561;ccrocco@unlam.edu.ar
24069418;;3651;GUILLERMO LUIS;NOGUERA;9/8/1974;4785-0986;gnoguera@unlam.edu.ar
24092286;;6221;JOSE ANTONIO;RUEDA;23/9/1974;4603-9476;jrueda@unlam.edu.ar
24103668;;7233;ELENA MARGARITA;PAEZ;20/7/1974;4481-6478;epaez@unlam.edu.ar
24112228;;1215;CARLOS JOSE;ROBA;5/10/1974;4443-5125;croba@unlam.edu.ar
24146491;;4442;DAMIANA;PACHO;27/9/1974;4771 5210;dpacho@unlam.edu.ar
24171353;;5528;MARTIN RICARDO;DUHAU;30/9/1974;4925-8507;mduhau@unlam.edu.ar
24190156;;5269;MARIA LORENA;BENET;5/10/1974;4624-9391;mbenet@unlam.edu.ar
24190580;;1356;SANTIAGO NAHUEL;GALERA;23/6/1975;11-5132-0696;sgalera@unlam.edu.ar
24203710;;4915;MARCELO JAVIER;ROBLES;13/5/1975;2202450822;mrobles@unlam.edu.ar
24227734;;1826;PAOLA GABRIELA;GHIGO;15/10/1974;4654-0315;pghigo@unlam.edu.ar
24228628;;1912;PABLO HERNAN;POMAR;6/10/1974;4622-3049;ppomar@unlam.edu.ar
24243485;;1907;HERNAN PABLO;VILLARREAL;22/6/1975;4857-1184;hvillarreal@unlam.edu.ar
24268425;;6609;NANCY VANESA;MOLLAR;27/1/1975;1147208976;nmollar@unlam.edu.ar
24291278;;1911;MARIANO HERNAN;D'ORTONA;14/7/1975;4504-6853;mdortona@unlam.edu.ar
24313363;;2175;PEDRO ALEJANDRO;BASARA;1/1/1975;47249;pbasara@unlam.edu.ar
24315625;;4437;LEANDRO;GIULIANI;26/11/1974;4572 5238;lgiuliani@unlam.edu.ar
24341348;;4191;FERNANDO;DA FONSECA;6/1/1975;1550031928;fda@unlam.edu.ar
24341348;;4191;FERNANDO;DA FONSECA;6/1/1975;47746127;fda@unlam.edu.ar
24343551;;935;BARBARA ANDREA;KONICKI;5/1/1975;4-503-6451;bkonicki@unlam.edu.ar
24366612;;5172;FERNANDO CARLOS;MUZZUPAPPA;2/2/1975;46540951;fmuzzupappa@unlam.edu.ar
24412344;;4494;MARIELA ANGELA;FERRARI;12/2/1975;47499652;mferrari@unlam.edu.ar
24435564;;5439;ALBERTO ARIEL;LOPEZ;11/3/1975;4-657-6721;alopez@unlam.edu.ar
24484615;;4854;GASTON EMILIO;MARTI;20/5/1975;3971 0073;gemarti@unlam.edu.ar
24488635;;3761;RUBEN DARIO;MOREIRA;21/8/1975;(011) 4460-6217;rmoreira@unlam.edu.ar
24561000;;4925;RODRIGO ARIEL;MARTIN IGLESIAS;28/6/1975;45841116;rmartin@unlam.edu.ar
24563451;;3731;LAURA MARIELA;AVILA;20/4/1975;4485-9625;lavila@unlam.edu.ar
24583856;;6063;GUILLERMO HORACIO;ROCCO;4/6/1975;4650-4441;grocco@unlam.edu.ar
24665901;;1963;ALEJANDRO MAXIMILIAN;DOWNAR;6/5/1975;;adownar@unlam.edu.ar
24665912;;2031;JUAN PABLO;MIGHETTI;4/5/1975;15-3932-8016;jmighetti@unlam.edu.ar
24674257;;3838;MARIA VICTORIA;CASTILLA;17/6/1975;4733 0709;mvcastilla@unlam.edu.ar
24680810;;1413;HERNAN;MAVROMMATIS;11/6/1975;3526-1060;mavrommatis@unlam.edu.ar
24686557;;2697;MARIA ISABEL;SANCHEZ;21/5/1975;(011) 4641-6496;mariasanchez@unlam.edu.ar
24686609;;2377;CLAUDIO ANDRES;FIGUEROLA;23/5/1975;;cfiguerola@unlam.edu.ar
24690573;;2961;JULIO SANTIAGO;BERUTTI;12/6/1975;4624 6913;jberutti@unlam.edu.ar
24694026;;5558;NELSON GABRIEL;ROUCO;11/5/1975;46961876;nrouco@unlam.edu.ar
24782938;;3995;MYRIAM CARINA;VAZQUEZ;19/7/1975;4669 0923;mcvazquez@unlam.edu.ar
24814860;;4325;MARIANA CLAUDIA;CANTO;22/7/1975;4697 1281;mcanto@unlam.edu.ar
24823410;;1845;VERONICA RAQUEL;ICHAZO;25/9/1975;44840714;veichazo@unlam.edu.ar
24867455;;2510;FEDERICO ARIEL;BORGNIA REPETTO;2/11/1975;39731829;fborgnia@unlam.edu.ar
24922168;;1976;ARIEL RODRIGO ROQUE;AURELIO;20/10/1975;15-5872-1058;aaurelio@unlam.edu.ar
24922168;;1976;ARIEL RODRIGO ROQUE;AURELIO;20/10/1975;4461-6045;aaurelio@unlam.edu.ar
24930136;;5571;SANTIAGO DIEGO;ARAGON;6/5/1976;;saragon@unlam.edu.ar
24933464;;2336;FEDERICO MAXIMO;DUCATELLI;27/8/1975;4253-9171;fducatelli@unlam.edu.ar
24940236;;1935;SEBASTIAN ARIEL;MICHINI;21/11/1975;4658-1792;smichini@unlam.edu.ar
24962944;;2081;EMILIO MARTIN;LA TORRE;28/9/1975;4658-5859;elatorre@unlam.edu.ar
24984307;;2117;ARIEL FERNANDO;PUGLIA;5/12/1975;;apuglia@unlam.edu.ar
24997396;;2027;MARIANO LEONARDO;VOLKER;16/12/1975;11-15-5415-4702;mvolker@unlam.edu.ar
25001947;;2115;FERNANDO CÉSAR;YBARRA;13/1/1976;4626-2740;fybarra@unlam.edu.ar
25022024;;4682;JUAN CRUZ;GONZALEZ ALLONCA;6/12/1975;4941 5651;gonzalezallonca@unlam.edu.ar
25039858;;4833;FERNANDO LUIS;FORD;12/5/1976;4796 7819;fford@unlam.edu.ar
25044637;;2528;ALEJANDRO GASTON;ORELLANO;23/5/1976;4658-9125;alejandro.orellano@unlam.edu.ar
25047699;;1945;IGNACIO JOSE;ZARADNIK;5/10/1976;4433-0862;izaradnik@unlam.edu.ar
25056667;;5940;DIEGO ANSELMO;FERNANDEZ;29/9/1975;0237-462-2212;dfernandez@unlam.edu.ar
25058836;;5503;JORGE MARTIN;TRAVERSI;12/2/1976;4654-3686;jmtraverssi@unlam.edu.ar
25061921;;3328;SOLEDAD;NOBLEGA;2/2/1976;4-629-4761;snoblega@unlam.edu.ar
25094089;;1928;ROBERTO MARIANO ARIEL;BUCHER;17/12/1975;4627-5896;mbucher@unlam.edu.ar
25094163;;2095;FERNANDO ROBERTO;MARSILLI;11/1/1976;1,1156E+11;fmarsilli@unlam.edu.ar
25094371;;1915;DANIEL EDUARDO;FAVOTTO;27/1/1976;5294-8484;dfavotto@unlam.edu.ar
25094868;;5724;NELIDA MABEL;AGÜERO;29/1/1976;4674-0181;maguero@unlam.edu.ar
25097705;;4696;ADRIAN ALDO;CAMMAROTA;21/1/1976;4661-3461;acammarota@unlam.edu.ar
25109134;;5505;MARIA OFELIA;ROSAS;24/7/1976;0220-4861450;mrosas@unlam.edu.ar
25125783;;4613;LAURA ELCIRA;FRUTOS;2/4/1976;;lfrutos@unlam.edu.ar
25127140;;2033;PABLO;SOLIGO;30/10/1976;;psoligo@unlam.edu.ar
25144734;;6711;MARIA LAURA;CORTESE;5/10/1976;;MCORTESE@unlam.edu.ar
25152946;;4571;BERNARDO ARIEL;LOPEZ;8/6/1976;4656 8103;blopez@unlam.edu.ar
25173092;;972;PATRICIA LORENA;RECINE;1/1/1977;4484-3726;precine@unlam.edu.ar
25182925;;4566;WALTER LUIS;DZUROVCIN;19/2/1976;44326400;wdzurovcin@unlam.edu.ar
25184457;;3125;MARIA ALEJANDRA;BALMACEDA;5/4/1976;4461-4307;mbalmaceda@unlam.edu.ar
25239255;;5415;CHRISTIAN LEONARDO;STAPLE;20/5/1976;4466-4386;cstaple@unlam.edu.ar
25317833;;2085;SEBASTIAN;ISMAEL;26/4/1976;4656-0671;sismael@unlam.edu.ar
25332191;;1893;FERNANDO ARIEL;BOETTNER;7/5/1976;21999252;fboettner@unlam.edu.ar
25358545;;7043;HERNÁN ALEJANDRO;OSORES;22/5/1976;;hosores@unlam.edu.ar
25361850;;2122;DARIO JAVIER;DI VITO;29/8/1976;4674-0181;ddivito@unlam.edu.ar
25374587;;8882;MARCELA MABEL;TURCONI;21/6/1976;44610332;mturconi@unlam.edu.ar
25376704;;3647;CYNTHIA GABRIELA;RONQUILLO;15/10/1976;4651-5214;cronquillo@unlam.edu.ar
25376858;;3669;MARTIN DARIO;BENITEZ;29/11/1976;4661-8248;mdbenitez@unlam.edu.ar
25385204;;1815;CINTIA VERONICA;GIOIA;25/6/1976;4957-0763;cgioia@unlam.edu.ar
25386271;;4099;MARIA FERNANDA;SIGLIANO;12/6/1976;4601 7580;msigliano@unlam.edu.ar
25435254;;4908;CARLOS SEBASTIAN;GORI;14/9/1976;47622819;cgori@unlam.edu.ar
25436849;;4816;GISELA NANCY;DIAZ;4/9/1976;4659-7385;ngdiaz@unlam.edu.ar
25523852;;1914;LARISA VANESA;TORO;1/11/1976;4-624-1143;lara@unlam.edu.ar
25544764;;6512;PABLO JAVIER;HERRAN;28/8/1976;4696-4467;pherran@unlam.edu.ar
25558576;;954;MARIANA INES;PALADINO;9/12/1976;4443-4761;mpaladino@unlam.edu.ar
25562966;;2411;MARIA JAZMIN;HOLLMANN;7/10/1976;4793-1934;mhollmann@unlam.edu.ar
25572972;;3449;SANTIAGO;FUENTES;9/12/1976;4650-7863;sfuentes@unlam.edu.ar
25574127;;2146;ARIEL MIGUEL;SERRA;7/11/1976;15-3212-2476;aserra@unlam.edu.ar
25574127;;2146;ARIEL MIGUEL;SERRA;7/11/1976;4659-8758;aserra@unlam.edu.ar
25578487;;2370;GERARDO GERMÀN;GARCÌA;24/3/1977;15-69791184;gggarcia@unlam.edu.ar
25591658;;3891;KARINA ELIZABETH;PONCE;5/1/1977;4453 2782;kponce@unlam.edu.ar
25646925;;5346;GERMAN LISANDRO;VILLAR;24/2/1977;4460-2535;gvillar@unlam.edu.ar
25677661;;2152;SERGIO HERNAN;FEDERICONI;7/1/1977;;sfedericoni@unlam.edu.ar
25677661;;2152;SERGIO HERNAN;FEDERICONI;7/1/1977;15-5337-1615;sfedericoni@unlam.edu.ar
25681091;;982;MYRIAM DANIELA;SELMAN;19/12/1976;4-757-5791;mselman@unlam.edu.ar
25692830;;2359;AGUSTÌN JUÀN;LOHIGORRY;16/3/1977;4483-4311;alohigorry@unlam.edu.ar
25705190;;4388;RICARDO MATIAS;TOZZINI;15/12/1976;47831816;rtozzini@unlam.edu.ar
25732328;;4428;SANDRA LORENA;ALVAREZ;11/11/1976;4441 3491;saalvarez@unlam.edu.ar
25743893;;2046;RODRIGO JAVIER;GOMEZ;12/4/1977;0220 485-4657;rjgomez@unlam.edu.ar
25748084;;6118;HERNAN;ARAUJO;2/1/1977;15-6614-7781;haraujo@unlam.edu.ar
25748084;;6118;HERNAN;ARAUJO;2/1/1977;46697886;haraujo@unlam.edu.ar
25772576;;3975;JAVIER IGNACIO;REBAGLIATTI;27/4/1977;(011) 4941-3892;jrebagliatti@unlam.edu.ar
25784281;;5311;ADRIANA;NARVAEZ;2/2/1977;4524-7445;anarvaez@unlam.edu.ar
25788223;;2138;MARIANO ALBERTO;VALENTINO;8/2/1977;;mvalentino@unlam.edu.ar
25788226;;3915;VERONICA;DE PINO;9/2/1977;4683-6019;vpino@unlam.edu.ar
25788662;;;MARCOS ARIEL;ACEVEDO;10/3/1977;1146261780;macevedo@unlam.edu.ar
25790179;;4360;LEONARDO ARIEL;MENSI MALERBA;15/1/1977;4642 5359;lmensi@unlam.edu.ar
25797939;;2422;ANTONIO LEANDRO;LOMELE;1/6/1977;4443-8252;alomele@unlam.edu.ar
25836599;;7032;DARIO MARTIN;PEREYRA;19/3/1977;4651-9733;dpereyra@unlam.edu.ar
25849875;;4406;FLAVIA DORIANA;ALONGI;23/3/1977;4443 9869;fdalongi@unlam.edu.ar
25859524;;2443;MYRIAN ROXANA;RODRIGUEZ;23/6/1977;4441-7186;mrodriguez@unlam.edu.ar
25863846;;5450;ANDRES IVAN;SLIWA;10/5/1977;4482-0786;asliwa@unlam.edu.ar
25865615;;2245;DIEGO ENRIQUE;COULOMBIE;9/6/1977;45037276;dcoulombie@unlam.edu.ar
25867013;;2342;JULIETA BEATRIZ;MATTEUCCI;12/4/1977;52923570;jmatteucci@unlam.edu.ar
25878367;;3161;ANIBAL AGUSTIN;CORRADO;8/4/1977;4294-0081;acorrado@unlam.edu.ar
25889819;;3050;EDUARDO MARTIN;VALIENTE;6/6/1977;4672-1064;emvaliente@unlam.edu.ar
25895127;;2493;PABLO ADRIAN;CASTILLO;12/3/1977;4469-2530;pcastillo@unlam.edu.ar
25906399;;6044;VANINA CECILIA;CHIAVETTA;9/3/1977;4443-6420;vchiavetta@unlam.edu.ar
25914041;;2692;ANDREA ESTEFANIA;ALVARADO;7/5/1977;011 20976236;aalvarado@unlam.edu.ar
25965244;;4845;GABRIEL MARTIN;LUJAN;19/5/1977;2077-4823;lujan@unlam.edu.ar
25976054;;4678;ALICIA GABRIELA;ROSENTHAL;12/5/1977;4442 0692;arosenthal@unlam.edu.ar
25989816;;8034;SILVIA MARIEL;ALVITE;27/9/1977;3979-5624;salvite@unlam.edu.ar
26000400;;6163;LEONARDO HECTOR;NITTI;4/7/1977;5354-0932;lnitti@unlam.edu.ar
26000730;;5931;HERNAN DARIO;URSI;12/4/1977;4460-0161;herursi@unlam.edu.ar
26039346;;2558;ADRIAN HERNAN;CASTRO;6/8/1977;2225421695;acastro@unlam.edu.ar
26074734;;2562;BARBARA IVONE;BONDARCZUK;29/12/1977;3527-9628;bbondarczuk@unlam.edu.ar
26115677;;4314;PATRICIA RAQUEL;ARZA;15/9/1977;4654 6240;parza@unlam.edu.ar
26117499;;2408;ANALIA VANESA;MARIN;15/9/1977;4460-3123;amarin@unlam.edu.ar
26146261;;2381;DEMIAN;LORENZATTI;15/9/1977;4785-6056;dlorenzatti@unlam.edu.ar
26165716;;5688;GABRIEL EDGARDO;PANIK;26/8/1977;4460-0963;gpanik@unlam.edu.ar
26169261;;6102;VALERIA;WESTON;16/10/1977;;vweston@unlam.edu.ar
26169793;;5683;HERNAN MARTIN;CASTRO;8/11/1977;46577948;hmcastro@unlam.edu.ar
26194111;;5664;GABRIELA ALEJANDRA;PONTONI;22/8/1977;44438217;gpontoni@unlam.edu.ar
26229915;;4321;CARLOS GONZALO;PARADELA;27/12/1977;;cparadela@unlam.edu.ar
26239547;;3059;JORGE GABRIEL;VARELA;20/10/1977;4460-1612;jvarela@unlam.edu.ar
26248863;;3552;MARCOS SEBASTIAN;SERRANO;25/12/1977;15-6269-1302;mserrano@unlam.edu.ar
26258239;;6328;MARIA LAURA;ROSSI;27/9/1977;44317157;mrossi@unlam.edu.ar
26260997;;5502;LAURA ANDREA;CARRASANA;27/4/1978;0220-4823838;lcarrasana@unlam.edu.ar
26309520;;3817;ALEJANDRO FEDERICO;CASALIS;6/2/1978;4961 0300;acasalis@unlam.edu.ar
26315807;;4848;SILVIA NATACHA;ALSINA;22/10/1977;4656 5162;salsina@unlam.edu.ar
26315930;;5006;ANDRES GERARDO;BORGEAT;31/10/1977;46961200;aborgeat@unlam.edu.ar
26338713;;6935;FABIOLA ALEJANDRA;BUZON;29/12/1977;;fbuzon@unlam.edu.ar
26348621;;1873;ARIEL MARTIN;CLOCCHIATTI;18/11/1977;4650-3417;aclocchiatti@unlam.edu.ar
26363921;;2125;ENRIQUE JAVIER;RODRIGUEZ;15/12/1977;1560265138;erodriguez@unlam.edu.ar
26363921;;2125;ENRIQUE JAVIER;RODRIGUEZ;15/12/1977;4461-5420;erodriguez@unlam.edu.ar
26364335;;3863;DIEGO JULIO;EDWARDS MOLINA;6/12/1977;;dmolina@unlam.edu.ar
26371380;;6733;DANIEL HECTOR;VERDECCHIA;22/11/1977;45742429;dverdecchia@unlam.edu.ar
26402005;;4088;SILVINA ANDREA;TUÑON;30/12/1977;4759-3174;stunon@unlam.edu.ar
26411986;;5007;VERÓNICA GABRIELA;CASINELLI;16/1/1978;46115658;vecasinelli@unlam.edu.ar
26435153;;3799;CYNTHIA CECILIA;SCALABRINI;26/1/1978;45027227;cscalabrini@unlam.edu.ar
26435598;;3756;MATIAS LEANDRO;MORALES;4/2/1978;4824-3395;sincorreo@unlam.edu.ar
26440127;;3158;JUAN PABLO EMANUEL;ESPERON;25/12/1977;4458-4090;jesperon@unlam.edu.ar
26491458;;2132;MARIA DE LOS ANGELES;TRAPES;1/4/1978;4625-0867;mtrapes@unlam.edu.ar
26498209;;2153;FLAVIO PATRICIO;SPECIALE;10/2/1978;4654-7026;fspeciale@unlam.edu.ar
26498557;;5987;SILVANA LAURA;FORTUNATO;9/2/1978;4659-9867;sfortunato@unlam.edu.ar
26520484;;1949;GUILLERMO SEBASTIAN;GIANNOTTI;5/4/1978;4659-8939;ggiannotti@unlam.edu.ar
26534527;;2167;GUILLERMO ANDRES;HINDI;18/4/1978;11-3683-4940;ghindi@unlam.edu.ar
26537647;;7033;LEANDRA MICAELA;ANTELO;18/3/1978;4650-0980;antelo@unlam.edu.ar
26561095;;2559;PERLA GRISELDA;PEREIRA;29/11/1977;44760850;ppereira@unlam.edu.ar
26562390;;2496;ALEJANDRO MARTIN;RAMOS;8/4/1978;;aramos@unlam.edu.ar
26581794;;3895;VERONICA NATALIA;GIMENEZ;24/5/1978;46693219;vgimenez@unlam.edu.ar
26587923;;3932;ENRIQUE HORACIO;RIOS;12/8/1978;4751-3110;erios@unlam.edu.ar
26591867;;7163;CARLOS ALBERTO;COLOMBAIN;15/3/1978;4656-9830;colombain@unlam.edu.ar
26620782;;2253;MARCELO JUAN;CARDILLO;4/6/1978;;mcardillo@unlam.edu.ar
26622128;;1988;HERNAN;ALBARELLOS;12/6/1978;4758-0064;halbarellos@unlam.edu.ar
26642783;;5145;ANALIA YAEL;ARTOLA;6/5/1978;46293762;aartola@unlam.edu.ar
26661402;;2001;ALEJANDRO JAVIER;FRANCOMACARO;24/4/1978;4485-3134;afrancomacaro@unlam.edu.ar
26699857;;5573;SILVIA MARCELA;GAUNA;18/7/1978;;sgauna@unlam.edu.ar
26725963;;1998;CARINA ANDREA;PEREZ;28/7/1978;4696-8054;caperez@unlam.edu.ar
26726930;;5552;CAROLINA;GIUDICI;21/9/1978;48653317;cgiudici@unlam.edu.ar
26733659;;2976;ARIEL ALEJANDRO;TABOADA;8/7/1978;2058-3524;aritaboada@unlam.edu.ar
26733738;;4056;MARIA CELESTE;CONCILIO;15/7/1978;15-5460-7003;cconcilio@unlam.edu.ar
26735529;;2318;FERNANDO GUSTAVO;RAMOS;10/7/1978;4441-3747;framos@unlam.edu.ar
26741703;;6601;ANALIA NOEMI;AVILA;4/8/1978;46694463;aavila@unlam.edu.ar
26746575;;6557;MARIA JOSE;SALETTA;23/8/1978;46315947;msaletta@unlam.edu.ar
26762367;;3538;LILIANA SOLEDAD;ROMANO;23/9/1978;1131524291;lromano@unlam.edu.ar
26762367;;3538;LILIANA SOLEDAD;ROMANO;23/9/1978;4486-3308;lromano@unlam.edu.ar
26787265;;7134;DIEGO MARTIN;TURRIAGA;7/8/1978;21105858;dmturriaga@unlam.edu.ar
26816546;;2093;RAMIRO;DE LIZARRALDE;26/12/1978;4-624-2872;rdelizarralde@unlam.edu.ar
26836949;;5013;MARIA FLORENCIA;SANTI;24/8/1978;;mfsanti@unlam.edu.ar
26849323;;8630;MAXIMILIANO GABRIEL;FRATTINI;26/9/1978;1561576045;mfrattini@unlam.edu.ar
26849323;;8630;MAXIMILIANO GABRIEL;FRATTINI;26/9/1978;39729732;mfrattini@unlam.edu.ar
26849365;;6558;LUISA DEL CARMEN;ROBLES;30/9/1978;(011)2050-6863;lrobles@unlam.edu.ar
26849365;;6558;LUISA DEL CARMEN;ROBLES;30/9/1978;20506863;lrobles@unlam.edu.ar
26861935;;3798;MARÍA DEL CARMEN;PRAND;14/10/1978;15-4089-1685;mprand@unlam.edu.ar
26861935;;3798;MARÍA DEL CARMEN;PRAND;14/10/1978;3969 0917;mprand@unlam.edu.ar
26882889;;4334;ADRIAN;GOMEZ;13/3/1979;4701 4353;adgomez@unlam.edu.ar
26933249;;5960;LUCAS MARTIN;LOPEZ;24/1/1979;3530-5840;lmlopez@unlam.edu.ar
26942565;;2130;ROSANA VERONICA;NASSIPIAN;10/11/1978;15-6881-9502;rnassipian@unlam.edu.ar
26965404;;2551;MARIELA;NAHMIAS;14/10/1978;4672-5829;mnahmias@unlam.edu.ar
26971130;;3894;MARIELA NOEMI;MORENO;27/10/1978;3979 3593;mmoreno@unlam.edu.ar
26990371;;6213;CARMEN;AGUERO;5/12/1978;(011) 4671-7528;carmenaguero@unlam.edu.ar
26997242;;5378;CLAUDIA VERONICA;MORAN SILVA;11/12/1978;15-6431-7680;cmoran@unlam.edu.ar
26997242;;5378;CLAUDIA VERONICA;MORAN SILVA;11/12/1978;44543254;cmoran@unlam.edu.ar
27000113;;5538;ALEJANDRO LUCIO;AÑASCO;5/11/1978;39653532;aanasco@unlam.edu.ar
27011457;;2385;LEONARDO;CARVI;25/11/1978;2075-4588;lcarvi@unlam.edu.ar
27027617;;6755;MARIA INES;AZZOLIN;1/12/1978;;mazzolin@unlam.edu.ar
27071475;;2204;ARIEL ALEJANDRO;CACHO MENDOZA;10/4/1979;4623-1300;acachomendoza@unlam.edu.ar
27169423;;3163;LUIS FELIX AUGUSTO;BLENGINO;9/3/1979;15-5405-5954;lblengino@unlam.edu.ar
27170321;;2228;PABLO MARTIN;VERA;6/3/1979;15- 3691-6206;pvera@unlam.edu.ar
27178618;;2329;FERNANDO JAVIER;DUFOUR;26/2/1979;0220-4829779;fdufour@unlam.edu.ar
27178884;;7181;JULIETA ROMINA;MONASTIRIOTIS;11/3/1979;2058-5762;jmonasteriotis@unlam.edu.ar
27202703;;4641;CAROLINA VERONICA;MUZZUPAPPA;17/3/1979;;cmuzzupappa@unlam.edu.ar
27204102;;7028;CYNTHIA KARINA;VAZQUEZ;11/3/1979;4461-2438;cvazquez@unlam.edu.ar
27216006;;3452;KAREN;SCHAMBERGER;17/4/1979;3979-4697;kschamberger@unlam.edu.ar
27216536;;6059;SILVANA LORENA;PADOVANO;28/4/1979;4658-8643;spadovano@unlam.edu.ar
27226410;;2124;ANA CAROLINA;PICHEL;17/4/1979;4924-1927;apichel@unlam.edu.ar
27251693;;2376;MAISA CAROLINA;BLANCO;29/4/1979;4489-0155;MBLANCO@UNLAM.EDU.AR
27257502;;4555;ALBERTO RAUL;MIGUENS;14/5/1979;;amiguens@unlam.edu.ar
27283004;;4534;HECTOR OMAR;SOSA;18/5/1979;;ososa@unlam.edu.ar
27309190;;5965;JESICA FILOMENA;VENIALBO;6/6/1979;0220-485-7051;jvenialbo@unlam.edu.ar
27310587;;1429;MARIA ADELA;LAROCCA;13/6/1979;4502-3509;alarocca@unlam.edu.ar
27312840;;2577;MÁXIMO FACUNDO;PALOMO;7/8/1979;0220-493 2111;mpalomo@unlam.edu.ar
27312840;;2577;MÁXIMO FACUNDO;PALOMO;7/8/1979;15-5096-6885;mpalomo@unlam.edu.ar
27326293;;1972;NATALIA VERONICA;CRESPO;17/12/1978;4629-9444;ncrespo@unlam.edu.ar
27381158;;3060;CARLOS ROBERTO;ROMERO;2/9/1979;15-5162-3714;ccromero@unlam.edu.ar
27381649;;6629;JORGE IGNACIO;GONZALEZ;2/8/1979;02227 15611042;igonzalez@unlam.edu.ar
27398742;;8163;LEONEL GONZALO;LARRETA;12/8/1979;1544370897;lelarreta@unlam.edu.ar
27399659;;3174;MARIA FLORENCIA;ROMANO;11/10/1979;4489-2275;fromano@unlam.edu.ar
27401268;;4836;ROSANA MARTA;LOPEZ;21/7/1979;2204997538;malopez@unlam.edu.ar
27401268;;4836;ROSANA MARTA;LOPEZ;21/7/1979;15-6543-0087;malopez@unlam.edu.ar
27480269;;4207;HERNAN GABRIEL;LANZILLOTTA;19/5/1979;4443 4313;hlanzillotta@unlam.edu.ar
27505927;;6707;CARINA ANDREA;PAIRUT;1/6/1979;44827199;cpairut@unlam.edu.ar
27624999;;1959;ROCIO ANDREA;RODRIGUEZ;21/8/1979;4484-3642;rocio.rodriguez@unlam.edu.ar
27666923;;5014;MARIA SOL;TERLIZZI;8/9/1979;;sterlizzi@unlam.edu.ar
27691066;;2917;NATALIA MARIA;SALCOVSKY;10/10/1979;4654-0608;nsalcovsky@unlam.edu.ar
27692842;;2007;MARCOS ANDRES;GUARDIA;20/11/1979;15-5630-3638;mguardia@unlam.edu.ar
27704339;;4445;ADRIAN EZEQUIEL;MARTINEZ;14/1/1980;4469 1985;admartinez@unlam.edu.ar
27712174;;2539;JUAN MANUEL;MONTEAGUDO;4/10/1979;;jmonteagudo@unlam.edu.ar
27728268;;4270;MARTIN;ECHENBAUM;25/10/1979;2072-5223;mechenbaum@unlam.edu.ar
27807145;;3898;CARLOS MAXIMILIANO;ALBORNOZ;28/12/1979;4298 1548;calbornoz@unlam.edu.ar
27899585;;3772;JUAN MANUEL;GIMENEZ;22/12/1979;1530964262;jgimenez@unlam.edu.ar
27938185;;2602;MARIA LAURA;CENEDESE;15/1/1980;4671-6808;mcenedese@unlam.edu.ar
27952015;;6810;MARIA FLORENCIA;TAVARONE;7/2/1980;42942952;mtavarone@unlam.edu.ar
28007256;;4595;ISABELA VERONICA;AMOROSO;4/2/1980;2077-7790;vamoroso@unlam.edu.ar
28078596;;5720;MANUEL;GALUP;4/4/1980;4942 9391;mgalup@unlam.edu.ar
28079192;;6635;MARIA ANTONELLA;PATARO;8/4/1980;45557256;mapataro@unlam.edu.ar
28080110;;5703;CARLOS JAVIER;BARRAZA;11/4/1980;4-694-8157;carbarraza@unlam.edu.ar
28229160;;2658;HERNAN EZEQUIEL;QUIROGA ALBA;7/6/1980;4697-6156;hquiroga@unlam.edu.ar
28231035;;5998;EVANGELINA ALEJANDRA;DIDARI;13/6/1980;4484-4889;edidari@unlam.edu.ar
28234013;;2952;OMAR HORACIO;PADOVANO;26/8/1980;4658-8643;opadovano@unlam.edu.ar
28238933;;2209;ROMINA PAOLA;TILLAR;21/6/1982;46699132;rtillar@unlam.edu.ar
28238933;;2209;ROMINA PAOLA;TILLAR;21/6/1982;4669-9132;rtillar@unlam.edu.ar
28281678;;1997;JAIR EZEQUIEL;HNATIUK;22/7/1980;4625-4530;jhnatiuk@unlam.edu.ar
28321440;;2882;NADIA;SUELVES;19/10/1979;4653-5112;nsuelves@unlam.edu.ar
28380584;;4369;MARIA INES;BERTIN;17/7/1980;4460-1732;mbertin@unlam.edu.ar
28408106;;7171;ADRIAN ALEJANDRO;AVENDAÑO;2/8/1980;4694-9071;avendano@unlam.edu.ar
28473580;;2755;SABRINA GABRIELA;GOMEZ;17/10/1980;6698-2017;sggomez@unlam.edu.ar
28504918;;3336;FEDERICO JOSE;LOIACONO MENDEZ;27/10/1980;156-171-3593;floiacono@unlam.edu.ar
28505740;;2574;MARIANO;JUIZ;19/11/1980;4484-9412;mjuiz@unlam.edu.ar
28507754;;7411;CESAR A;CONEJEROS VALENZUELA;16/12/1980;1565136955;cconejeros@unlam.edu.ar
28508375;;2386;MATIAS SEBASTIAN;MOREIRA;11/12/1980;4857-2565;mmoreira@unlam.edu.ar
28528485;;4380;SOFIA JAQUELINA;PUTRUELE;3/3/1981;4460 1061;sputruelle@unlam.edu.ar
28596054;;5941;SERGIO VICTOR;MARTINEZ;1/12/1980;4669-7516;smartinez@unlam.edu.ar
28596534;;2419;LORENA MABEL;SOTELO;7/2/1981;4625-4348;lsotelo@unlam.edu.ar
28596873;;6265;FERNANDO HUMBERTO;PAKER;6/2/1981;2062-0294;fpaker@unlam.edu.ar
28609511;;2264;NICOLAS;MOLINA   VUISTAZ;19/2/1981;54- 1166030511;nmolinavuistaz@unlam.edu.ar
28641553;;3368;CLAUDIO GABRIEL;D'AMICO;27/12/1980;44894163;damico@unlam.edu.ar
28693262;;3481;JUAN IGNACIO;MIER;21/1/1981;4654-2985;jmier@unlam.edu.ar
28694156;;3499;LUISINA PAULA;RADICIOTTI;30/1/1981;1544392274;lradiciotti@unlam.edu.ar
28703784;;6460;CARLOS ENRIQUE;MAMANI;9/4/1981;46008806;cmamani@unlam.edu.ar
28719864;;3514;SONIA MARINA;FILIPETTO;12/4/1981;4656-3188;sfilipetto@unlam.edu.ar
28728705;;5878;MARÌA CECILIA;FAUNDEZ;20/4/1981;;cfaundez@unlam.edu.ar
28735143;;2819;FLAVIA LORENA;MARTINEZ;10/3/1981;4627 5215;fmartinez@unlam.edu.ar
28813287;;3726;LILIANA ROMINA;QUIROS;3/6/1981;3535 1408;lquiros@unlam.edu.ar
28848681;;5572;SILVINA GISELA;FORNIZ;6/6/1981;4442-5079;sforniz@unlam.edu.ar
28866645;;4887;JONATAN ALEXIS;DOWNAR;27/4/1981;46548723;downar@unlam.edu.ar
28866782;;3438;FEDERICO EMANUEL;RAVERA MARBAN;4/6/1981;4654-4879;fravera@unlam.edu.ar
28866878;;3720;AGUSTIN CESAR;AGUERRIDO;7/6/1981;5434-1565;aaguerrido@unlam.edu.ar
28908057;;5612;FEDERICO AGUSTIN;DE CRISTO;16/6/1981;1531162326;fdecristo@unlam.edu.ar
28953851;;2109;NESTOR ARIEL;PAN;17/7/1981;4734-5397;npan@unlam.edu.ar
28971007;;4424;FERNANDO DIEGO;GARCIA;28/6/1981;4482 3360;fgarcia@unlam.edu.ar
28971923;;5012;SABRINA CECILIA;MOLINA;28/8/1981;46593987;samolina@unlam.edu.ar
29002868;;2536;WALTER RAUL;URETA;2/11/1981;4712-3785;wureta@unlam.edu.ar
29022198;;2890;VALERIA MÓNICA;DE ROSA;14/9/1981;2063-9563;vderosa@unlam.edu.ar
29033436;;3747;ROMINA PAOLA;KABOBEL;25/8/1981;;rkabobel@unlam.edu.ar
29051013;;8252;LEONARDO DANIEL;MEDINA FRETES;21/9/1981;46260105;lmedina@unlam.edu.ar
29053744;;2094;ROMINA HILDA;ROMANO;2/10/1981;;rromano@unlam.edu.ar
29075870;;2016;MAXIMILIANO LUIS;ROMERO;29/9/1981;4699-6769;mlromero@unlam.edu.ar
29118650;;1982;LUIS ALFONSO;PALOMARES;14/10/1981;4604-3382;lpalomares@unlam.edu.ar
29198185;;4027;MARIA VICTORIA;DE LEON;27/10/1981;4254-1844;mdeleon@unlam.edu.ar
29246081;;4052;ALEJANDRA VALERIA;AMAYA;17/12/1981;4656 6734;amaya@unlam.edu.ar
29246276;;2083;EDGARDO ALBERTO;GHO;13/12/1981;4627-1118   15-595;egho@unlam.edu.ar
29247546;;3238;JULIETA;DE SAN FELIX;17/12/1981;4443-6223;jdesanfelix@unlam.edu.ar
29249234;;4209;AUGUSTO ANIBAL;KUMVICH;17/1/1981;4786 9593;akumvich@unlam.edu.ar
29250350;;4313;GUSTAVO ARIEL;MICIELI;1/1/1982;2068-1524;gmicieli@unlam.edu.ar
29279713;;3249;MICAELA EDITH;FARRE;16/2/1982;4651-1966;mfarre@unlam.edu.ar
29308041;;6480;DIEGO ARTURO;FELICI;30/4/1982;39710243;dfelici@unlam.edu.ar
29308386;;6107;LEONARDO RUBEN;MANCUSI TRINCHERO;9/9/1982;;lmancusi@unlam.edu.ar
29331209;;2471;JAVIER FERNANDO;DA COSTA;22/1/1982;;jdacosta@unlam.edu.ar
29383491;;2372;DARIO RAFAEL;HIRSCHFELDT;10/3/1982;02202-425053;dhirschfeldt@unlam.edu.ar
29399062;;3577;FERNANDO DAMIAN;BRAGAZZI;25/3/1982;46289857;fbragazzi@unlam.edu.ar
29408416;;7113;JORGE MISAEL;DE LUCA;21/7/1982;4656-4289;mdeluca@unlam.edu.ar
29439702;;6242;JUAN CARLOS;OTAEGUI;20/5/1982;4481 1494;jotaegui@unlam.edu.ar
29462027;;4870;FERNANDO ANDRES;VERA;8/4/1982;;fvera@unlam.edu.ar
29480461;;4680;MARTIN MAXIMILIANO;BELLA;21/4/1982;;mbella@unlam.edu.ar
29575061;;6143;JOAQUIN;GONZALEZ;14/6/1982;20694904;gonzalezj@unlam.edu.ar
29646766;;5839;MYRIAM MARIA LUJAN;MARTOS;23/8/1982;;mmartos@unlam.edu.ar
29655308;;2514;NAHUEL MAURICIO;MARTORELLI;14/7/1982;4487-6588;nmartorelli@unlam.edu.ar
29689800;;5986;ELIAS EZEQUIEL;LOBATTO;11/10/1982;2202434810;elobatto@unlam.edu.ar
29696633;;;SABRINA LORENA;BENITEZ;6/8/1982;44857337;sbenitez@unlam.edu.ar
29698686;;2948;HELIANA KAREN;VERA;28/8/1982;4203-2437;hvera@unlam.edu.ar
29708625;;4319;EZEQUIEL MARTIN;VICTORERO;18/9/1982;5435-3427;evictorero@unlam.edu.ar
29753857;;4531;FEDERICO ANIBAL;COURY;19/9/1982;46969566;fcoury@unlam.edu.ar
29789799;;4381;FEDERICO MARTIN;DULCICH;20/10/1982;4571-7825;fdulcic@unlam.edu.ar
29801924;;5661;NATALIA;NASEP;5/10/1982;;nnasep@unlam.edu.ar
29900742;;2089;JUAN;CARUCCI;23/12/1982;2196-4649;jcarucci@unlam.edu.ar
29941591;;8109;FLORENCIA;MARTIN;5/1/1983;1141695790;flmartin@unlam.edu.ar
29952930;;5982;MARIA LUCIANA;SADOVIAK;15/12/1982;46518678;msadoviak@unlam.edu.ar
29953286;;2168;GABRIEL;MONZON;1/3/1983;02320-446177;gmonzon@unlam.edu.ar
29975124;;5993;NATALIA CECILIA;IRIARTE;22/12/1982;52947191;niriarte@unlam.edu.ar
30067513;;7054;ANA MARIA;TURDO;16/5/1983;44846518;amturdo@unlam.edu.ar
30067650;;7101;VERONICA ANDREA;SPOSITTO;8/6/1983;4656-9830;vspositt@unlam.edu.ar
30084147;;4413;MATIAS ROBERTO;DELLAGNOLO;4/2/1983;4383-9286;mdellagnolo@unlam.edu.ar
30103556;;2975;LUCAS TOMAS;DOLAN;25/3/1983;4628 1192;ldolan@unlam.edu.ar
30135556;;5975;LUIS ALBERTO;FERNANDEZ;1/3/1983;;lafernandez@unlam.edu.ar
30135556;;5975;LUIS ALBERTO;FERNANDEZ;1/3/1983;15-6667-26-70;lafernandez@unlam.edu.ar
30172110;;3344;LAURA ROMINA;ANDREACCHIO;3/5/1983;4687-9435;landreacchio@unlam.edu.ar
30193610;;5844;SEBASTIAN MATIAS;PAEZ;20/3/1983;1559220505;sepaez@unlam.edu.ar
30220286;;4748;NOELIA MARCELA;VERA;13/4/1983;3529 9661;nvera@unlam.edu.ar
30256732;;6831;MARIA SILVIA;VENTIMIGLIA;21/2/1984;4862-8842;mventimiglia@unlam.edu.ar
30263899;;6499;IRIS BEATRIZ;ROMERO;24/10/1983;42782056;iriromero@unlam.edu.ar
30308534;;2021;JAVIER MARTIN;SLAWISKI;24/11/1983;15-6433-9282;jslawiski@unlam.edu.ar
30333327;;2971;ESTEBAN ANDRES;CARNUCCIO;21/5/1983;15-3492-6279;ecarnuccio@unlam.edu.ar
30333327;;2971;ESTEBAN ANDRES;CARNUCCIO;21/5/1983;4484 3368;ecarnuccio@unlam.edu.ar
30337251;;2313;VICTOR MANUEL;FERNANDEZ;14/5/1983;2202438000;vfernandez@unlam.edu.ar
30350669;;2424;DAMIAN ALBERTO;AURELIO;17/8/1983;4441-1918;daurelio@unlam.edu.ar
30368263;;7423;LEANDRO MARCELO;DALLE;24/6/1983;43080986;ldalle@unlam.edu.ar
30401272;;6208;GUSTAVO HERNAN;SAGARNA;22/7/1983;(011) 4962-8309;gsagarna@unlam.edu.ar
30407786;;2087;IGNACIO ANDRES;LOPEZ VERGARA;18/7/1983;4687-6854;ilopez@unlam.edu.ar
30436636;;2341;ANABELLA GRACIELA;CONCA;3/11/1983;(011)2068-8776;aconca@unlam.edu.ar
30436636;;2341;ANABELLA GRACIELA;CONCA;3/11/1983;4696-2266;aconca@unlam.edu.ar
30439735;;4257;VERONICA ANALIA;SAUCEDO;16/8/1983;;vsaucedo@unlam.edu.ar
30447421;;2444;MAURO HERNAN RICARDO;VIDAL;11/7/1983;4687-3017;mvidal@unlam.edu.ar
30465709;;5041;MARIA LUCIANA;ARAUZ;15/10/1983;48565962;larauz@unlam.edu.ar
30486657;;3928;MARA;MATTIONI;27/4/1984;;mmattioni@unlam.edu.ar
30537245;;3770;LUCIA SOLEDAD;BARCOS;28/9/1983;;lbarcos@unlam.edu.ar
30602904;;5440;NICOLAS MATIAS;BIANCHETTI;9/11/1983;;nbianchetti@unlam.edu.ar
30623204;;5060;MARIA ELISA;ZAPATA;18/5/1984;2065 7904;mezapata@unlam.edu.ar
30654128;;2516;SILVANA MARIELA;GLASSMAN;26/12/1983;0220-489-6083;sglassman@unlam.edu.ar
30655379;;4069;MARIA ALEJANDRA;BERGMAN;24/12/1983;21312228;mbergman@unlam.edu.ar
30721941;;2727;NICOLAS CARMELO;DONZELLA;27/2/1984;;ndonzella@unlam.edu.ar
30732030;;5090;MARIELA SOLEDAD;TENISI;28/12/1983;20509312;matenisi@unlam.edu.ar
30774357;;2670;DIEGO ALEJANDRO;MACHADO;7/4/1984;4486-1791;dmachado@unlam.edu.ar
30850773;;4269;ANDRES MATIAS;SABATER;3/4/1984;3966-2742;asabater@unlam.edu.ar
30860213;;;FACUNDO FABIAN;CAMPODONICO;2/3/1984;46256802;fcampodonico@unlam.edu.ar
30944064;;4254;MAURO NICOLAS;POULAIN;18/4/1984;2071 6979;mpoulain@unlam.edu.ar
30960821;;3854;CARLA YANINA;SOUZA CONRADO;28/6/1984;(011) 2062-2616;csouza@unlam.edu.ar
30978442;;4438;MATIAS;TORRES;27/4/1984;2074 3518;matorres@unlam.edu.ar
30980458;;4843;MARCELA VERONICA;REALE;12/5/1984;5292-2773;mreale@unlam.edu.ar
30982728;;3823;AGUSTINA CARLA;LASSI;14/6/1984;4659-6481;alassi@unlam.edu.ar
30982985;;4384;JESUS OSVALDO;RUIZ;24/7/1984;4485 4282;jruiz@unlam.edu.ar
30993057;;2367;SERGIO;DEFUSTO;25/12/1984;4652-1401;sdefusto@unlam.edu.ar
31009868;;4499;PABLO SEBASTIAN;BENCHIMOL;7/6/1984;4650 6299;pbenchimol@unlam.edu.ar
31034484;;6768;MARIA DE LAS NIEVES;GANIELE;28/6/1984;;mganiele@unlam.edu.ar
31059591;;7098;PAMELA ALEJANDRA;CARONTE;28/6/1984;4454-1006;pcaronte@unlam.edu.ar
31089477;;2441;RICARDO ARIEL;BLUMENKRANZ;9/7/1984;4431-7076;rblumenkranz@unlam.edu.ar
31165330;;4128;SEBASTIAN MATIAS;RODRIGUEZ;29/8/1984;15 3144 9656;smrodriguez@unlam.edu.ar
31176930;;2240;MANUEL LUCAS FRANCISCO;GUERRERO;26/11/1984;011-4650-4443;mguerrero@unlam.edu.ar
31258832;;6720;LEANDRO NESTOR;VARGAS OTERO;28/11/1984;2204942519;ovargas@unlam.edu.ar
31328326;;4604;EDUARDO GABRIEL;SÁNCHEZ;7/2/1985;4669 2325;esanchez@unlam.edu.ar
31423282;;3762;MARTIN RODRIGO;GARCIA;2/1/1985;(011) 4443-0411;mgarcia@unlam.edu.ar
31424508;;3976;PAMELA SOLANGE;PADILLA;25/5/1985;(011) 4583-7719;ppadilla@unlam.edu.ar
31448646;;4019;JULIETA BELEN;GIORNO;27/3/1985;3532 4404;jgiorno@unlam.edu.ar
31448676;;2183;LUCAS;VIDELA;14/2/1985;4628-7052;lvidela@unlam.edu.ar
31469655;;6931;JUAN DAVID;SALGADO SALTER;6/2/1985;4464-4956;jsalter@unlam.edu.ar
31470686;;6820;JUAN VICTOR ARIEL;FRANCO;30/3/1988;46578152;jvfranco@unlam.edu.ar
31475709;;2762;MARCELA ALEJANDRA;TOBA;31/3/1985;4631 5504;mtoba@unlam.edu.ar
31559315;;6945;JUAN IGNACIO;TOLLO;30/3/1985;4852-3003;jtollo@unlam.edu.ar
31652931;;2355;PABLO NICOLÀS;SANCHEZ;19/5/1985;4658-4645;pnsanchez@unlam.edu.ar
31659751;;5976;IVAN IGNACIO;FUCHIMCZUK ZAWOROTNY;31/5/1985;;ivfuchimczuk@unlam.edu.ar
31683644;;;CRISTIAN ANDRES;CIAMBRIGNONI;23/7/1985;15-6127-4092;caciambrignoni@unlam.edu.ar
31722390;;3751;VALERIA CRISTINA;MARTINEZ;27/7/1985;1554293483;martinezv@unlam.edu.ar
31738886;;5669;MARIA SOL;POUSA;26/9/1985;21980441;mpousa@unlam.edu.ar
31829778;;4929;FACUNDO MARTIN;DOMINGUEZ;13/9/1985;;dominguez@unlam.edu.ar
31831350;;6368;NESTOR VICENTE;CASERTA;14/8/1985;4441-9298;ncaserta@unlam.edu.ar
31832595;;2301;EMILIANO ADRIAN;LOIACONO;30/9/1985;4652-3226;loiacono@unlam.edu.ar
31856455;;4346;NOELIA NOEMI;AMENDOLA ARES;15/12/1985;4650 1137;namendola@unlam.edu.ar
31879886;;3859;MARIA EMILIA;ZARATE;18/9/1985;(011) 4176-1451;mzarate@unlam.edu.ar
31879886;;3859;MARIA EMILIA;ZARATE;18/9/1985;1144868283;mzarate@unlam.edu.ar
31880442;;4050;NATALIA NOEMI ITATI;CACHEROSKY;2/10/1985;4488 1886;ncacherosky@unlam.edu.ar
31935047;;5842;GISELE KARINA;DE PIETRI;11/10/1985;4460-3275;gdepietri@unlam.edu.ar
31935106;;6259;DIEGO;CACCAVIELLO;18/10/1985;4654 8450;dcaccaviello@unlam.edu.ar
32006007;;6355;MARIA SILVANA;GONZALEZ;22/10/1985;0220 4944737;msgonzalez@unlam.edu.ar
32047204;;5464;JONATAN MAXIMILIANO;TARRAUBELLA;5/1/1986;4661-4234;jtarraubella@unlam.edu.ar
32047477;;4498;VERONICA SABRINA;GOMEZ;21/3/1986;1556997366;vegomez@unlam.edu.ar
32047477;;4498;VERONICA SABRINA;GOMEZ;21/3/1986;44827477;vegomez@unlam.edu.ar
32091407;;4035;MARINA GISELLE;FRANCO;7/2/1986;4488-1463;mafranco@unlam.edu.ar
32145337;;6100;IGNACIO GABRIEL;SCROCCHI;2/1/1986;4-659-3364;iscrocchi@unlam.edu.ar
32197546;;5888;CHRISTIAN EMANUEL;MINNITI;8/3/1986;15-6161-8887;cminniti@unlam.edu.ar
32197546;;5888;CHRISTIAN EMANUEL;MINNITI;8/3/1986;4625-3613;cminniti@unlam.edu.ar
32205706;;4489;HERNAN MARCELO;JALIL;23/11/1985;;hjalil@unlam.edu.ar
32243728;;2862;MATIAS RODRIGO;BERNADAZ;27/3/1986;4627 0125;mbernadaz@unlam.edu.ar
32265949;;2322;JUAN MANUEL;OJEDA;7/5/1986;4801-2741;jmojeda@unlam.edu.ar
32267161;;4705;DARIO SEBASTIAN;PERTUSI;21/3/1986;011-4458-5137;dpertusi@unlam.edu.ar
32267161;;4705;DARIO SEBASTIAN;PERTUSI;21/3/1986;4458-5137;dpertusi@unlam.edu.ar
32326207;;5051;FEDERICO DAVID;PENCIERI;2/5/1986;46287110;fpencieri@unlam.edu.ar
32336875;;4672;ORNELA;BOFFITO;13/10/1987;4654 7590;oboffito@unlam.edu.ar
32340370;;4986;LEANDRO MARTIN;DEFILIPI;4/3/1986;44662424;ldefilipi@unlam.edu.ar
32384260;;4205;GERMAN GABRIEL;RAMIREZ;15/5/1986;;gramirez@unlam.edu.ar
32465481;;4642;DAVID ALEJANDRO;ORTIZ;23/8/1986;4651-2618;dortiz@unlam.edu.ar
32480104;;4255;EDUARDO;SACERDOTI;13/6/1986;;esacerdoti@unlam.edu.ar
32551073;;3690;MARIA BELEN;LAZARTE;15/9/1986;4691-0241;mlazarte@unlam.edu.ar
32553158;;5916;MARIA ALEJANDRA;PEREZ;7/9/1986;46551605;aleperez@unlam.edu.ar
32584402;;4049;DAMIAN MAXIMILIANO;VITIRITTI;19/10/1986;20874472;dvitiritti@unlam.edu.ar
32631861;;4320;MATIAS JAVIER;SEGATO;21/5/1987;;msegato@unlam.edu.ar
32643883;;6738;GONZALO EMMANUEL;BARBOSA EYLER;30/11/1986;;ebarbosa@unlam.edu.ar
32691574;;6268;JONATAN ALBERTO;URAN ACEVEDO;18/10/1986;4626-2252;jonuran@unlam.edu.ar
32845365;;7179;MARIANO;GIACOMETTI;25/12/1986;4697-8463;mgiacometti@unlam.edu.ar
32852600;;5811;GASTON ALEJANDRO;STRELCOW;17/1/1987;21046863;gstrelcow@unlam.edu.ar
32919899;;4500;NATALIA BELEN;MILLER;7/3/1987;4639 3571;nmiller@unlam.edu.ar
32936133;;2383;NICOLAS MATIAS;RIZZO;6/2/1987;;nrizzo@unlam.edu.ar
32951734;;6503;PABLO DANIEL;LATTANZIO;14/3/1987;46565182;plattanzio@unlam.edu.ar
32989728;;7167;MARIBEL;FERE;3/5/1987;;mfere@unlam.edu.ar
32989899;;5023;ELISEO GABRIEL;OVIEDO FIGUEREDO;4/6/1987;21295361;goviedo@unlam.edu.ar
32999353;;5002;AGUSTIN;PADRÓN;4/6/1987;;apadron@unlam.edu.ar
33035197;;5866;RICARDO BERNABE;BALONI;15/4/1987;1562736776;rbaloni@unlam.edu.ar
33118553;;2863;JAVIER IGNACIO;LUGO;11/8/1987;4455 2009;jlugo@unlam.edu.ar
33180671;;2530;MARTIN;FERREYRA BIRON;11/7/1987;4696-6143;mferreyra@unlam.edu.ar
33180703;;2361;NAHUEL;MANGIARUA;17/7/1987;4696-4712;nmangiarua@unlam.edu.ar
33241691;;2236;ORNELLA ANDREA;LAMANNA;27/8/1987;44840209;olamanna@unlam.edu.ar
33248123;;5874;FRANCO NICOLAS;MONTERO;6/1/1988;02202-428-807;fnmontero@unlam.edu.ar
33248123;;5874;FRANCO NICOLAS;MONTERO;6/1/1988;15-6882-7176;fnmontero@unlam.edu.ar
33252196;;2446;DANA NATALIA;BETTIGA;22/9/1987;4744-4549;dbettiga@unlam.edu.ar
33267104;;6815;MATIAS ALEJANDRO;MENDOZA;10/10/1987;4658-8877;mmendoza@unlam.edu.ar
33293881;;2405;SERGIO GABRIEL;BONAVENTO;1/10/1987;2083-3773;sbonavento@unlam.edu.ar
33294837;;7191;MARIELA VERONICA;GIL SANCHEZ;30/1/1988;0220-482-1717;mgilsanchez@unlam.edu.ar
33309913;;33309913;PABLO ALEXIS;RODRIGUEZ;25/12/1987;3527-8587;parodriguez913@unlam.edu.ar
33398058;;2613;FERNANDO JOSE;PROTO GUTIERREZ;11/2/1988;2374631098;gproto@unlam.edu.ar
33459054;;7919;JUAN SEBASTIAN;QUEVEDO;6/2/1988;1560059833;juquevedo@unlam.edu.ar
33509293;;2311;FEDERICO DANIEL;PEZZOLA;19/1/1988;;fpezzola@unlam.edu.ar
33533834;;6670;ALEJANDRO NAHUEL;FERNANDEZ;6/1/1988;4657-2243;alfernandez@unlam.edu.ar
33768034;;6141;JORGELINA ELIZABETH;AVIGLIANO;29/3/1988;44546961;javigliano@unlam.edu.ar
33778557;;6123;LUCAS ROMAN;LOPEZ;2/6/1988;4-443-3998;lrlopez@unlam.edu.ar
33779679;;3879;AGUSTIN;BOSIO;28/4/1988;4624-3630;abosio@unlam.edu.ar
33786526;;2904;GISELE ANDREA;BILAÑSKI;16/5/1988;;gbilanski@unlam.edu.ar
33787806;;4383;GERMAN ELOY;CARDOZO;23/3/1988;44641112;gcardozo@unlam.edu.ar
33813038;;2417;LEANDRO;CORVELA;25/5/1988;2202434708;lcorvela@unlam.edu.ar
33905145;;2292;PAULA AYLEN;BOSSERO;15/9/1987;46285548;pbossero@unlam.edu.ar
33914471;;4763;AGOSTINA SOLEDAD;DEFRANCO;13/10/1989;4751 8162;adefranco@unlam.edu.ar
34028896;;;MARCELO ALBERTO;PERALTA;5/9/1988;1539063531;maperalta@unlam.edu.ar
34098790;;;EZEQUIEL MATIAS;BARAVALLE;30/9/1988;44315210;embaravalle@unlam.edu.ar
34248167;;4637;DEBORA TATIANA;MARHABA MEZZABOTTA;30/1/1989;4654 1046;dmarhaba@unlam.edu.ar
34257880;;5073;ESTEBAN ALEJANDRO;ZELIZ;13/12/1988;;ezeliz@unlam.edu.ar
34257880;;5073;ESTEBAN ALEJANDRO;ZELIZ;13/12/1988;1121721847;ezeliz@unlam.edu.ar
34321907;;2483;ALEJANDRO EDGAR;RODRIGUEZ;11/1/1989;2053-7697;aerodriguez@unlam.edu.ar
34340493;;34340493;MAXIMILIANO GABRIEL;GUASCO;18/2/1990;4442-5445;mguasco@unlam.edu.ar
34370611;;TMP71828;RAUL DAVID;VILLCA;30/5/1989;44578946;rauvillca@unlam.edu.ar
34370611;;TMP71828;RAUL DAVID;VILLCA;30/5/1989;49798062;rauvillca@unlam.edu.ar
34394564;;6122;MARTIN ARIEL;DEUTERIS;25/2/1989;1161028848;mdeute@unlam.edu.ar
34424221;;8100;MATÍAS EZEQUIEL;ADAGIO;9/5/1989;1141576560;matadagio@unlam.edu.ar
34424221;;8100;MATÍAS EZEQUIEL;ADAGIO;9/5/1989;46993564;matadagio@unlam.edu.ar
34431216;;4673;DAIANA;BENITEZ;13/6/1990;4290 3086;dabenitez@unlam.edu.ar
34480650;;6927;DAIANA MARIEL;FERNANDEZ;28/3/1989;;daianafernandez@unlam.edu.ar
34499756;;;JUAN MANUEL;MARTIN MORA;13/4/1989;1568698294;jmmartin@unlam.edu.ar
34558059;;3974;PABLO;BAUSTIAN;5/6/1989;(011) 4690-1123;pbaustian@unlam.edu.ar
34558059;;3974;PABLO;BAUSTIAN;5/6/1989;5,49115E+12;pbaustian@unlam.edu.ar
34741303;;7694;JESICA YANINA;ARANDA;20/10/1989;44416309;jesaranda@unlam.edu.ar
34809961;;;BRIAN EXEQUIEL;PUPILLI;5/10/1989;1160937200;bpupilli@unlam.edu.ar
34842320;;2391;FACUNDO NAHUEL;D' ARANNO;14/9/1989;4758-6073;fdaranno@unlam.edu.ar
34849336;;4149;MARTIN ARIEL;ROSALES;8/9/1989;02202 425755;mrosales@unlam.edu.ar
34870524;;8194;MAXIMILIANO CARLOS;DE PIETRO;3/10/1989;4460-2946;madepietro@unlam.edu.ar
34928299;;34928299;VANESA ANDREA;PALOMEQUE;25/10/1989;39806008;vapalomeque@unlam.edu.ar
35026979;;2982;GERARDO AGUSTIN;RIERA;21/9/1990;1146730989;griera@unlam.edu.ar
35075443;;6254;FABIAN EMANUEL;CALODOLCE;17/7/1990;4669-7655;fcalodolce@unlam.edu.ar
35118554;;TMP95620;CINTIA YANINA;METRECHEN;14/7/1990;4485-0899;cinmetrechen@unlam.edu.ar
35118618;;2469;FERNANDO ESTEBAN;PIUBEL;5/2/1990;3980-1778;fpiubel@unlam.edu.ar
35126254;;;MATIAS OSCAR;VAZQUEZ;24/2/1990;1536273488;movazquez@unlam.edu.ar
35136494;;35136494;PABLO LUCIANO;VILLAR;17/4/1990;44890897;pvillar@unlam.edu.ar
35136494;;35136494;PABLO LUCIANO;VILLAR;17/4/1990;4489-0897;pvillar@unlam.edu.ar
35137739;;4649;LUCIANA SOLEDAD;FALCONE;11/4/1990;;lfalcone@unlam.edu.ar
35159496;;6241;SILVANA;ARDANAZ;12/4/1990;4650-5305;sardanaz@unlam.edu.ar
35185834;;6916;DIEGO RUBEN;DENIS;18/10/1989;44431683;ddenis@unlam.edu.ar
35186107;;4743;JUAN JOSE;COPPARI;19/4/1990;4622 0379;jcoppari@unlam.edu.ar
35218284;;2390;LEANDRO EZEQUIEL;MORRONE;22/1/1990;4467-1369;lmorrone@unlam.edu.ar
35275191;;6168;LAURA ELIZABETH;SALINA;28/7/1990;46058858;lsalina@unlam.edu.ar
35348054;;4722;LUCIANO MIGUEL;GALPERIN;16/5/1990;2064-1397;lgalperin@unlam.edu.ar
35361503;;4970;MARIA CAROLINA;ALCAZAR;16/12/1990;46588581;malcazar@unlam.edu.ar
35532465;;35532465;ELEAZAR PATRICIO;PIN ETCHAVE;14/1/1991;46289682;epinechave@unlam.edu.ar
35533542;;;CARLOS ANDRES;SALINAS;25/1/1991;46611385;csalinas@unlam.edu.ar
35533884;;4552;AGUSTIN IGNACIO;REYES;16/11/1991;46236985;aireyes@unlam.edu.ar
35538469;;8937;JULIAN ANDRES;MORGANELLA;3/5/1994;(011)4488-0898;jamorganella@unlam.edu.ar
35725777;;4018;NAHUEL OSVALDO;NIEVA;9/1/1991;4694-1740;nnieva@unlam.edu.ar
35793552;;2734;VERONICA ANDREA;GOMEZ;12/10/1991;44808926;agomez@unlam.edu.ar
35860301;;35860301;MAXIMILIANO RUBEN;TALIERCIO;8/2/1991;20696489;mtaliercio@unlam.edu.ar
35860301;;35860301;MAXIMILIANO RUBEN;TALIERCIO;8/2/1991;2069-6489;mtaliercio@unlam.edu.ar
35881149;;7427;GASTON ALBERTO;ARIAS;7/12/1991;46250819;garias@unlam.edu.ar
35945222;;2507;GASTON EMANUEL;PROCOPIO;20/9/1991;44411511;gprocopio@unlam.edu.ar
35951952;;;JULIO CESAR;CERVERA;25/2/1993;2204856282;jcervera@unlam.edu.ar
35958022;;;LUCIANO FRANCISCO;SALVATORE;3/2/1991;4620-2349;lfsalvatore@unlam.edu.ar
35962157;;2855;MAURO;CIPOLLONE;23/3/1991;4605 5050;mcipollone@unlam.edu.ar
35979542;;6284;JULIANA MAGALI;CASSE;15/2/1991;;jcasse@unlam.edu.ar
36038436;;;MARÍA CELESTE;BORIN;21/6/1991;1532057242;mborin@unlam.edu.ar
36038866;;;ELIO ADOLFO JULIAN;TAMMARAZIO;27/4/1991;(02202)-420566;eajtammarazio@unlam.edu.ar
36070478;;36070478;LUCIANO JAVIER;TOMAINO;12/4/1991;1563360113;ltomaino@unlam.edu.ar
36070519;;6604;MARTIN EZEQUIEL;BECERRA;5/5/1991;4461-4491;mabecerra@unlam.edu.ar
36087866;;8158;LUCAS EZEQUIEL;ROLDAN;11/12/1991;46500024;lroldan@unlam.edu.ar
36170397;;2983;MAGALI;PERA;3/7/1991;4442 5538;mpera@unlam.edu.ar
36277100;;8164;NAHUEL OMAR;RAPETTI;29/10/1991;1158463819;narapetti@unlam.edu.ar
36277100;;8164;NAHUEL OMAR;RAPETTI;29/10/1991;1168526491;narapetti@unlam.edu.ar
36287344;;9210;VERÓNICA ANDREA;BRANDÁN;26/11/1991;2202435086;vabrandan@unlam.edu.ar
36296834;;6794;CESAR EMANUEL;RODRIGUEZ;22/9/1991;20611345;cesrodriguez@unlam.edu.ar
36404626;;;MARÍA VANESA LUJÁN;MONZÓN;13/9/1991;451509;vmonzon@unlam.edu.ar
36476895;;TMP71287;DIEGO RUBEN;SANZ;5/10/1991;2123 3391;dsanz@unlam.edu.ar
36483195;;36483195;FEDERICO JOAQUIN;MONSERRAT;23/2/1992;1140920073;femonserrat@unlam.edu.ar
36491923;;TMP70540;ABRAHAM ALAN;PANUCCIO;25/11/1991;43413639;abrapanuccio@unlam.edu.ar
36538305;;ING00069;ANDREA CAROLINA;VICENTE;6/1/1992;44859476;avicente@unlam.edu.ar
36542356;;ING00068;YONATAN NAHUEL;ROMERO;9/4/1992;35270617;yromero@unlam.edu.ar
36623942;;8889;MAURO JULIAN;AYALA;24/3/1992;46981858;mayala@unlam.edu.ar
36624063;;7643;LEILA PAMELA;SIRI;17/2/1992;44860315;lsiri@unlam.edu.ar
36696870;;36696870;IVO LEONEL;RIVERO;19/2/1992;46276281;ivrivero@unlam.edu.ar
36697331;;TMP90999;DANIEL AGUSTIN;ESPINOLA;25/12/1992;(011)4486-8218;danespinola@unlam.edu.ar
36697331;;TMP90999;DANIEL AGUSTIN;ESPINOLA;25/12/1992;1164442512;danespinola@unlam.edu.ar
36785745;;ING00070;BRIAN EDUARDO;JORDI;11/2/1992;46533563;bjordi@unlam.edu.ar
36819441;;4973;NICOLAS FABRIZIO;FENOGLIETTO;31/7/1992;44620765;fenoglietto@unlam.edu.ar
36822428;;ING00023;LEANDRO DANIEL;GIMENEZ;29/5/1992;20668560;lgimenez@unlam.edu.ar
36822428;;ING00023;LEANDRO DANIEL;GIMENEZ;29/5/1992;46241662;lgimenez@unlam.edu.ar
36822428;;ING00023;LEANDRO DANIEL;GIMENEZ;29/5/1992;46243845;lgimenez@unlam.edu.ar
36921631;;6231;PABLO NICOLAS;NARDUCCI;13/6/1992;1162191862;pnarducci@unlam.edu.ar
36921631;;6231;PABLO NICOLAS;NARDUCCI;13/6/1992;2056 0453;pnarducci@unlam.edu.ar
36938723;;4972;EVA ROSA;DÍAZ SCHWAB;23/3/1992;46695088;ediazschwab@unlam.edu.ar
36948602;;;GONZALO SERGIO;ZAGO;16/9/1992;46903529;gszago@unlam.edu.ar
36981339;;6225;ADRIEL FABIO;GONZALEZ MANRIQUE de LARA;30/6/1992;4665-3510;agonzalezmanrique@unlam.edu.ar
37010396;;37010396;LIONEL ALEJANDRO;TROVATTO;23/7/1992;(011)4650-5727;ltrovatto@unlam.edu.ar
37027148;;7607;EMMANUEL;MURANO;28/4/1993;39800346;emurano@unlam.edu.ar
37039913;;4129;MAGDALENA;MOLINA;10/7/1992;4650 1806;mamolina@unlam.edu.ar
37120807;;4485;FEDERICO MAURO;GASIOR;22/9/1992;4691 2529;fgasior@unlam.edu.ar
37121546;;6252;GABRIEL BERNARDO;GUILLEN;1/10/1992;(011)5431-3542;gguillen@unlam.edu.ar
37121546;;6252;GABRIEL BERNARDO;GUILLEN;1/10/1992;5431-3542;gguillen@unlam.edu.ar
37233248;;7740;IVAN ORLANDO;DI MARCO;28/12/1992;54342450;idimarco@unlam.edu.ar
37238526;;;ESTEBAN DAVID;ALANIZ;12/10/1992;2204801176;edalaniz@unlam.edu.ar
37243055;;TMP74975;JONATHAN MIGUEL;MARZENIUK;24/10/1992;44432622;jonmarzeniuk@unlam.edu.ar
37248246;;;MARIANO EMANUEL;CAPEANS;19/1/1993;44824005;mcapeans@unlam.edu.ar
37349908;;;FEDERICO AGUSTÍN;GARCÍA;17/4/1993;35265335;garciafa@unlam.edu.ar
37349969;;2856;JULIETA;SPINAZZOLA;28/4/1993;4691-1130;jspinazzola@unlam.edu.ar
37540969;;;GIANNI PAOLO;ZANCHETTA DE BELLIS;1/8/1993;46522662;gzanchettadebellis@unlam.edu.ar
37555142;;4744;AGUSTINA MARIA;MONZON;5/11/1993;4653 1688;amonzon@unlam.edu.ar
37661538;;;GABRIELA;ORTIZ ACOSTA;1/6/1993;4,58E+07;gortiz@unlam.edu.ar
37686894;;6258;PABLO;CAMMARANO;12/6/1994;4443-6680;pcammarano@unlam.edu.ar
37792152;;7546;THAIEL;FONCECA ZINNA;17/10/1993;46697763;zfonceca@unlam.edu.ar
37840979;;TMP91457;IGNACIO JAVIER;CALLAPIÑA;13/12/1993;44860419;igncallapina@unlam.edu.ar
37989053;;;ERIK;ALVAREZ;10/11/1993;2204944245;alvareze@unlam.edu.ar
38041650;;;WALTER EZEQUIEL;VEGA;23/12/1993;46694022;wvega@unlam.edu.ar
38068767;;7274;FEDERICO;SORLINO VILLAVICENCIO;26/2/1994;46565049;fsorlino@unlam.edu.ar
38143320;;;LEILA ANABEL;BOGADO;30/1/1994;15-5610-7408;labogado@unlam.edu.ar
38166317;;7439;SOFIA DANA;LETELLE;12/11/1992;44849532;soletelle@unlam.edu.ar
38177247;;8843;EMILIANO ABEL;GIANNONI;3/5/1994;0220-480-9998;egiannoni@unlam.edu.ar
38254539;;;NEHUEN NICOLAS;PISCANC;28/5/1994;46593439;npiscanc@unlam.edu.ar
38256230;;8157;MATEO IGNACIO;SERRANO;21/4/1994;46274794;maserrano@unlam.edu.ar
38428570;;;RODRIGO EZEQUIEL;DAIQUI;26/9/1994;011-15-3445-3012;rdaiqui@unlam.edu.ar
38428570;;;RODRIGO EZEQUIEL;DAIQUI;26/9/1994;46592890;rdaiqui@unlam.edu.ar
38454868;;;NICOLAS ANTONIO;CAMPITI;6/8/1994;1144544588;ncampiti@unlam.edu.ar
38519472;;;MICAELA;VILLENA APPELHANS;1/9/1994;35308529;mvillena@unlam.edu.ar
38601207;;38601207;SERENELA AILIN;POLLICINO ESPOSITO;12/3/1994;4441-9666;spollicino@unlam.edu.ar
38604115;;;LUCAS EZEQUIEL;KISS;13/12/1994;1541942451;lekiss@unlam.edu.ar
38696030;;TMP92502;ADRIAN;RADICE;1/3/1995;46240781;adriradice@unlam.edu.ar
38700538;;8012;PAUL MAURICIO;ARAMAYO VELA;14/3/1993;44660510;paramayo@unlam.edu.ar
38700654;;TMP83466;ARIEL HECTOR;MOLINA;23/5/1995;(011)4486-1960;arimolina@unlam.edu.ar
38709827;;7748;JIMENA ROCIO;SEJAS AGUAYO;11/1/1995;46984559;jsejas@unlam.edu.ar
38789235;;8070;CAMILA;MANCUSI MANDADO;28/12/1994;15-6365-1042;cmancusi@unlam.edu.ar
38789235;;8070;CAMILA;MANCUSI MANDADO;28/12/1994;35326392;cmancusi@unlam.edu.ar
38852000;;;HECTOR MAURICIO;SALAZAR VALETTUTE;21/5/1995;(02202)454-455;hmsalazar@unlam.edu.ar
38991242;;8138;ESTEBAN ANDRES EDUARDO;MOSESCU;9/2/1995;15-4973-5466;emosescu@unlam.edu.ar
39212408;;4449;PAULA NOELIA;CANCELLARA;25/1/1996;46262606;pcancellara@unlam.edu.ar
39225512;;39225512;ABIGAIL ANDREA;VAZQUEZ;12/11/1995;(011)3970-8119;abvazquez@unlam.edu.ar
39268109;;;SEBASTIÁN FACUNDO;FARANA;10/9/1995;15-5562-5143;sfarana@unlam.edu.ar
39271548;;;SEBASTIAN LEONEL;TOFANO;9/12/1995;4454-9651;stofano@unlam.edu.ar
39272479;;;FACUNDO NICOLAS;VOGEL;14/2/1997;1153892254;fnvogel@unlam.edu.ar
39272479;;;FACUNDO NICOLAS;VOGEL;14/2/1997;15-5389-2254;fnvogel@unlam.edu.ar
39274352;;;GUIDO ALBERTO;BARRA QUELCA;21/11/1995;46953781;gbarraquelca@unlam.edu.ar
39297050;;39297050;LUCAS RODRIGO;GARVIZU ORTIZ;30/1/1996;46960737;lgarvizu@unlam.edu.ar
39388357;;7295;MATIAS EZEQUIEL;GONZALEZ;4/12/1995;20926075;matgonzalez@unlam.edu.ar
39388357;;7295;MATIAS EZEQUIEL;GONZALEZ;4/12/1995;46262159;matgonzalez@unlam.edu.ar
39408515;;39408515;IVAN DAVID;KACHIAN;16/5/1996;44575609;ikachian@unlam.edu.ar
39416638;;;FRANCISCO IVÁN;GONZÁLEZ MAZZITELLI;10/12/1995;15-4195-2009;fgonzalezmazzitelli@unlam.edu.ar
39433557;;;CAMILA AGUSTINA;de JESUS;19/4/1996;46500482;cadejesus@unlam.edu.ar
39459731;;8171;CIRO;TRUEBA;14/1/1996;1533612366;ctrueba@unlam.edu.ar
39511499;;;JUAN PABLO;VAZQUEZ;25/7/1996;(011)4486-8557;jpvazquez@unlam.edu.ar
39653523;;8950;GABRIEL IVAN;AVARO;8/5/1996;46431795;giavaro@unlam.edu.ar
39712914;;39712914;TAMAYO LEONEL;SACHA ;10/5/1996;(02202)422-764;lsacha@unlam.edu.ar
39712914;;39712914;TAMAYO LEONEL;SACHA ;10/5/1996;2202430083;lsacha@unlam.edu.ar
39879803;;8409;MARIANA BELEN;VIGNARDEL VILLAGRA;7/1/1997;(011)4466-2205;mvignardel@unlam.edu.ar
39909575;;7344;LUDMILA;DE FRANCISCO;29/8/1996;(011)35265023;ldefrancisco@unlam.edu.ar
39917539;;TMP98834;STEPHANIE YANET;MALDONADO;22/11/1996;011-15-5597-9752;stemaldonado@unlam.edu.ar
40004965;;40004965;JULIÁN ARIEL;LOZZA;18/10/1996;0220-494-7755;julozza@unlam.edu.ar
40132833;;;JESSICA FLORENCIA;BENITEZ;8/2/1997;46981106;jfbenitez@unlam.edu.ar
40136259;;5047;NICOLAS EZEQUIEL;RIVA;11/2/1997;4485-1362;neriva@unlam.edu.ar
40143563;;8921;IGNACIO JAVIER;GARCIA GOÑI;7/11/1997;1146587660;ijgarcia@unlam.edu.ar
40351325;;;FERNANDO JOSE;BLANCO;22/5/1997;1569412054;fblanco@unlam.edu.ar
40391454;;;JULIETA YAZMÍN;COLLADO;28/4/1997;1140331801;ycollado@unlam.edu.ar
40426904;;8108;ORNELLA SUSANA;CALDERON ESTEPA;21/4/1997;(02202)482257;orcalderon@unlam.edu.ar
40497090;;;NURIA ROCÍO;ORQUÍN;24/6/1997;15-6197-2627;nrorquin@unlam.edu.ar
40538264;;;AGUSTÍN JOSE;PIACENTINI;27/10/1997;1133466037;apiacentini@unlam.edu.ar
40641010;;40641010;ISAAC JAVIER;SAAVEDRA HERRERA;23/8/1997;1532511086;isaavedra@unlam.edu.ar
40729370;;;SOFIA AYELEN;NADAL;24/10/1997;35323392;snadal@unlam.edu.ar
40747880;;;MAXIMILIANO TOMAS;LORELLI;12/11/1997;(011)4669-2082;mtlorelli@unlam.edu.ar
40808298;;;ALESIO ESTEBAN ABEL;SINOPOLI;13/12/1997;1560044828;aesinopoli@unlam.edu.ar
40885643;;;ESTEBAN;LOVECCHIO;13/6/1998;1169979395;elovecchio@unlam.edu.ar
40904376;;8883;IVÁN NICOLÁS;KARLEN;11/2/1998;46228931;ikarlen@unlam.edu.ar
40931870;;;AGUSTIN NICOLAS;BROCANI;30/1/1998;02202-424296;abrocani@unlam.edu.ar
41007269;;;KAREN MICHELLE;REVAINERA;19/4/1998;4486-1702;krevainera@unlam.edu.ar
41069317;;;LUCAS EZEQUIEL;GARBARINO;14/4/1998;(011)4691-3442;legarbarino@unlam.edu.ar
41129706;;;DYLAN RAMSES;QUIROGA;7/7/1998;20828692;drquioga@unlam.edu.ar
41215898;;;PEDRO;CUEVA;18/7/1998;11-38716043;pcueva@unlam.edu.ar
41235738;;;ALAN EDUARDO;BLANCO;24/9/1998;1151600676;aeblanco@unlam.edu.ar
41292355;;;GISELLE ROCÍO;GONZÁLEZ;26/10/1998;5,49117E+12;grgonzalez@unlam.edu.ar
41317528;;;LUCAS MARTÍN;GANDULFO;6/6/1998;1168577745;lmgandulfo@unlam.edu.ar
41327303;;;SEBASTIAN MATIAS;POLICASTRO;1/1/2000;1439431813;smpolicastro@unlam.edu.ar
41327369;;41327369;NICOLÁS EZEQUIEL;GARCÍA;24/7/1998;1123012476;negarcia@unlam.edu.ar
41332512;;;NAHUEL GONZALO;LIBERTO;19/11/1998;1131998754;ngliberto@unlam.edu.ar
41396644;;;NICOLÁS ENRIQUE;AGOSTINO;13/7/1998;1564881307;nagostino@unlam.edu.ar
41470170;;9137;SANTIAGO;RUIZ;3/9/1998;1556474942;ruizs@unlam.edu.ar
41471245;;;JAVIER MATIAS;SADOWSKI;10/9/1998;1525565286;jmsadowski@unlam.edu.ar
41589109;;41589109;TOMÁS;SÁNCHEZ GRIGIONI;28/9/1998;15-5057-1712;tosanchezgrigini@unlam.edu.ar
41589109;;41589109;TOMÁS;SÁNCHEZ GRIGIONI;28/9/1998;46618912;tosanchezgrigini@unlam.edu.ar
41691959;;9157;GONZALO JULIÁN;CASELLA;15/3/1999;44439348;gcasella@unlam.edu.ar
41768854;;;CAMILA DENISE;MINETTI;9/4/1999;1,11557E+11;cdminetti@unlam.edu.ar
41768854;;;CAMILA DENISE;MINETTI;9/4/1999;1156988568;cdminetti@unlam.edu.ar
41835742;;;FIORELLA YASMIN;LIRUSSO;4/5/1999;1560372226;fylirusso@unlam.edu.ar
41853030;;;RODRIGO EZEQUIEL;MARANZANA;17/8/1999;1123944310;remaranzana@unlam.edu.ar
41898101;;;AGOSTINA MICAELA;MOTTURA;30/7/1999;1530858990;ammottura@unlam.edu.ar
41912690;;9085;MATÍAS JULIÁN;PEREYRA;3/6/1999;1544118339;mjpereyra@unlam.edu.ar
41914511;;;MARTÍN;ALBANESI;3/5/1999;1527067624;malbanesi@unlam.edu.ar
42038102;;9040;TOMÁS VICTORIO;SERRAVENTO;18/9/1999;1150536858;tvserravento@unlam.edu.ar
42290211;;;EMANUEL GABRIEL;JUAREZ;20/12/1999;46255134;egjuarez@unlam.edu.ar
42290762;;;ORIANA DESIREÉ;SANJUAN;2/3/2000;1166560960;osanjuan@unlam.edu.ar
42300820;;;GUSTAVO ADRIAN;RODRIGUEZ DE CARIA;24/1/2000;1565962401;grodriguezdecaria@unlam.edu.ar
42302372;;;EVELYN SOFIA;CASTRO;13/1/2000;44434748;escastro@unlam.edu.ar
42562990;;;CAROLINA LUANA;HUERGO;23/4/2000;1562450102;chuergo@unlam.edu.ar
42662785;;;CAROLINA LARA;NUÑEZ;27/7/2000;1164725470;clnunez@unlam.edu.ar
42861758;;9410;AGUSTINA BELÉN;MALDONADO ARCE;1/9/2000;1159828394;amaldonadoarce@unlam.edu.ar
4440729;;5064;ARNOLDO RICARDO;RIVKIN;1/5/1944;4777-6808;arivkin@unlam.edu.ar
4557584;;1697;ORESTE DANIEL;LUPI;25/10/1946;45444067;olupi@unlam.edu.ar
50387808;;;GONZALO GABRIEL;GONZALEZ MAWAD;7/6/1999;46587257;ggonzalezmawad@unlam.edu.ar
5964902;;3122;MARIA CRISTINA;MELANO;19/3/1949;48555035;mmelano@unlam.edu.ar
5966665;;541;SUSANA CARMEN;BATTISTA;18/11/1948;4656-1677;sbattista@unlam.edu.ar
5966688;;560;ELISA MARTA;BASANTA;23/11/1948;46571504;ebasanta@unlam.edu.ar
6040076;;1905;CARLOS JOSE;LERCH;19/4/1941;4773-7316;clerch@unlam.edu.ar
6514489;;5938;GRACIELA SILVIA;ARANGO;3/3/1951;4441-1237;garango@unlam.edu.ar
6527387;;3786;GLORIA SUSANA;LIRES;13/10/1950;4650 8496;glires@unlam.edu.ar
6640571;;3474;RAUL JUAN CARLOS;BARONI;15/12/1937;4620-2306;jbaroni@unlam.edu.ar
7610971;;1958;RAUL ALBERTO;DASTUGUE;1/2/1948;4-311-1744;rdastugue@unlam.edu.ar
7619180;;656;ROBERTO;DEPAOLI;1/1/1949;4901-2591;rdepaoli@unlam.edu.ar
7790184;;3432;CARLOS ALBERTO;VITALE;24/12/1947;4629-5802;cvitale@unlam.edu.ar
7842748;;3736;JUAN CARLOS;LATRICHANO;28/11/1949;35283194;jlatrichano@unlam.edu.ar
7844104;;3665;HUGO JOSE;BORRAJO;4/1/1950;4961-9508;hborrajo@unlam.edu.ar
7961016;;1794;JOSE LUIS;ROCA;8/8/1949;;jroca@unlam.edu.ar
8209935;;3406;TOMAS;VARNAGY;25/9/1950;4865-7125;tvarnagy@unlam.edu.ar
8236066;;641;JULIO CARLOS;BERTUA;9/12/1949;46503644;jcbertua@unlam.edu.ar
8258784;;1550;FERNANDO;ORTHUSTEGUY;9/1/1947;4545-0631;forthus@unlam.edu.ar
8273231;;129;ALEJANDRO MARIO;MANCINI;6/3/1948;4942-8866;amancini@unlam.edu.ar
8293174;;963;FEDERICO RAMON;PAFUNDI;31/8/1950;4701-3351;fpafundi@unlam.edu.ar
8298466;;2876;DANIEL;FRANKEL;15/2/1950;4633 3916;dfrankel@unlam.edu.ar
8315371;;1909;RUBEN JORGE;BERNARDONI;25/2/1950;4581-6464;rbernardoni@unlam.edu.ar
8329734;;313;ROBERTO VICENTE;MENEO;9/5/1950;4691-2758;rmeneo@unlam.edu.ar
8341185;;1643;LUIS ALBERTO JOSE;LOPEZ;27/6/1950;46582656;llopez@unlam.edu.ar
8376645;;3439;ENRIQUE HECTOR;ROTEMBERG;20/6/1950;4523-4827;erottemberg@unlam.edu.ar
8402611;;3392;RUBEN HECTOR;DUBOIS;28/9/1950;4650-5677;rdubois@unlam.edu.ar
8402967;;1807;SERGIO NESTOR;GWIRC;21/4/1950;47510931;sgwirc@unlam.edu.ar
8431256;;477;SEBASTIAN GABRIEL;ALBORNOZ;1/3/1951;3966-3090;salbornoz@unlam.edu.ar
8462285;;1708;ALEJANDRO SIGFRIDO;PEREZ;26/1/1951;46583239;aperez@unlam.edu.ar
8482993;;60;NORBERTO;BRUNO;15/2/1951;4248-8573;nobruno@unlam.edu.ar
8573545;;1530;ALBERTO LUIS;MUSIKMAN;21/2/1951;154666610;amusikman@unlam.edu.ar
92322244;;6255;FERNANDO;SCHIFINI GLADCHTEIN;3/11/1972;4748 4653;fschifini@unlam.edu.ar
92342271;;2166;CELIA GLADYS ODETTE;PENSA BARBOSA;9/1/1974;4654-8543;cpensa@unlam.edu.ar
92491425;;2128;FABRICIO DARIO;OTHEGUY SANSONE;28/4/1977;;fotheguy@unlam.edu.ar
93447474;;4348;JOSE MARIA;TURULL;11/9/1952;4951 7419;jturull@unlam.edu.ar
93604071;;8153;JHONATHAN;FERNANDEZ VASQUEZ;2/11/1990;(02202)433705;jfernandezvasquez@unlam.edu.ar
94013081;;4414;FERNANDO;PIRIZ;28/6/1964;;fpiriz@unlam.edu.ar
94101984;;4971;CARLOS DAVID;VELAZQUEZ ARAUJO;25/5/1993;1167162618;cvelazquezaraujo@unlam.edu.ar
94101984;;4971;CARLOS DAVID;VELAZQUEZ ARAUJO;25/5/1993;4698-1391;cvelazquezaraujo@unlam.edu.ar
94412424;;4570;TOUSSAINT;JIMENEZ ROJAS;17/6/1980;;tjimenezrojas@unlam.edu.ar
94486303;;4280;KATTERINNE KATYVSKA;TERAN MENDOZA;10/9/1976;4441 7376;mteran@unlam.edu.ar
94759107;;4850;HECTOR AUGUSTO;ROTAVISTA HERNANDEZ;22/8/1978;2072 8679;hrotavista@unlam.edu.ar
94895565;;4679;ELISA;CALFAT;13/7/1987;3973 7235;ecalfat@unlam.edu.ar
95218659;;8161;LUIS ANGEL;UREÑA PEDRO;12/2/1997;(011)4698-6935;luurenapedro@unlam.edu.ar
;;;;;;;
;;;;;;;
;;;;;;;
;;;;;;;
;;;;;;;
;;;;;;;
;;;;;;;
;;;;;;;
;;;;;;;
;;;;;;;
;;;;;;;
;;;;;;;
;;;;;;;
;;;;;;;
;;;;;;;
;;;;;;;
;;;;;;;
;;;;;;;
;;;;;;;
;;;;;;;
;;;;;;;
;;;;;;;
;;;;;;;
;;;;;;;
;;;;;;;
;;;;;;;
;;;;;;;
;;;;;;;
;;;;;;;
;;;;;;;
;;;;;;;
;;;;;;;
;;;;;;;
;;;;;;;
;;;;;;;
;;;;;;;
;;;;;;;
;;;;;;;
;;;;;;;
;;;;;;;
;;;;;;;
;;;;;;;
;;;;;;;
;;;;;;;
;;;;;;;
;;;;;;;
;;;;;;;
;;;;;;;
;;;;;;;
;;;;;;;
;;;;;;;
;;;;;;;
;;;;;;;
;;;;;;;
;;;;;;;
;;;;;;;
;;;;;;;
;;;;;;;
;;;;;;;
;;;;;;;
;;;;;;;
;;;;;;;
;;;;;;;
;;;;;;;
;;;;;;;
;;;;;;;
;;;;;;;
;;;;;;;
;;;;;;;
;;;;;;;
;;;;;;;
;;;;;;;
;;;;;;;
;;;;;;;
;;;;;;;
;;;;;;;
;;;;;;;
;;;;;;;
;;;;;;;
;;;;;;;
;;;;;;;
;;;;;;;
;;;;;;;
;;;;;;;
;;;;;;;
;;;;;;;
;;;;;;;
;;;;;;;
;;;;;;;
;;;;;;;
;;;;;;;
;;;;;;;
;;;;;;;
;;;;;;;
;;;;;;;
;;;;;;;
;;;;;;;
;;;;;;;
;;;;;;;
;;;;;;;
;;;;;;;
;;;;;;;
;;;;;;;
;;;;;;;
;;;;;;;
;;;;;;;
;;;;;;;
;;;;;;;
;;;;;;;
;;;;;;;
;;;;;;;
