materia_codigo;materia;propuesta_codigo;is_active
4079;GESTION DE LA INNOVACION Y EMPRENDEDORISMO;201;true
4091;SISTEMAS INFORMATICOS DE GESTION;201;true
4104;GESTION INDUSTRIAL;201;true
901;INGLES NIVEL I;201;true
911;COMPUTACION NIVEL I;201;true
902;INGLES NIVEL II;201;true
903;INGLES NIVEL III;201;true
904;INGLES NIVEL IV;201;true
912;COMPUTACION  NIVEL II;201;true
3621;MATEMATICA DISCRETA;201;true
3622;ANALISIS MATEMATICO I;201;true
3623;PROGRAMACION INICIAL;201;true
3624;INTRODUCCION A LOS SISTEMAS DE INFORMACION;201;true
3625;SISTEMAS DE NUMERACION;201;true
3626;PRINCIPIOS DE CALIDAD DE SOFTWARE;201;true
3627;ALGEBRA Y GEOMETRIA ANALITICA I;201;true
3628;FISICA I;201;true
3629;PROGRAMACION ESTRUCTURADA BASICA;201;true
3630;INTRODUCCION A LA GESTION DE REQUISITOS;201;true
3631;FUNDAMENTOS DE SISTEMAS EMBEBIDOS;201;true
3632;INTRODUCCION A LOS PROYECTOS INFORMATICOS;201;true
3633;ANALISIS MATEMATICO II;201;true
3634;FISICA II;201;true
3635;TOPICOS DE PROGRAMACION;201;true
3636;BASES DE DATOS;201;true
3637;ANALISIS DE SISTEMAS;201;true
3638;ARQUITECTURA DE COMPUTADORAS;201;true
3639;ANALISIS MATEMATICO III;201;true
3640;ALGORITMOS Y ESTRUCTURAS DE DATOS;201;true
3641;BASES DE DATOS APLICADAS;201;true
3642;PRINCIPIOS DE DISEÑO DE SISTEMAS;201;true
3643;REDES DE COMPUTADORAS;201;true
3644;GESTION DE LAS ORGANIZACIONES;201;true
3645;ALGEBRA Y GEOMETRIA ANALITICA II;201;true
3646;PARADIGMAS DE PROGRAMACION;201;true
3647;REQUISITOS AVANZADOS;201;true
3648;DISEÑO DE SOFTWARE;201;true
3649;SISTEMAS OPERATIVOS;201;true
3650;SEGURIDAD DE LA INFORMACION;201;true
3651;PROBABILIDAD Y ESTADISTICA;201;true
3652;PROGRAMACION AVANZADA;201;true
3653;ARQUITECTURA DE SISTEMAS SOFTWARE;201;true
3654;VIRTUALIZACION DE HARDWARE;201;true
3655;AUDITORIA Y LEGISLACION;201;true
3656;ESTADISTICA APLICADA;201;true
3657;AUTOMATAS Y GRAMATICAS;201;true
3658;PROGRAMACION CONCURRENTE;201;true
3659;GESTION APLICADA AL DESARROLLO DE SOFTWARE I;201;true
3660;SISTEMAS OPERATIVOS AVANZADOS;201;true
3661;GESTION DE PROYECTOS;201;true
3662;MATEMATICA APLICADA;201;true
3663;LENGUAJES Y COMPILADORES;201;true
3664;INTELIGENCIA ARTIFICIAL;201;true
3665;GESTION APLICADA AL DESARROLLO DE SOFTWARE II;201;true
3666;SEGURIDAD APLICADA Y FORENSIA;201;true
3667;GESTION DE LA CALIDAD EN PROCESOS DE SISTEMAS;201;true
3668;INTELIGENCIA ARTIFICIAL APLICADA;201;true
3669;INNOVACION Y EMPRENDEDORISMO;201;true
3670;CIENCIA DE DATOS;201;true
3671;PROYECTO FINAL DE CARRERA;201;true
3675;PRACTICA PROFESIONAL SUPERVISADA;201;true
3676;RESPONSABILIDAD SOCIAL UNIVERSITARIA;201;true
3677;LENGUAJE ORIENTADO A NEGOCIOS;201;true
3678;TECNOLOGIAS EN SEGURIDAD;201;true
3679;VISION ARTIFICIAL;201;true
3672;ELECTIVA I;201;true
3673;ELECTIVA II;201;true
3674;ELECTIVA III;201;true
3680;TALLER DE INTEGRACION;201;true
3599;REDES MOVILES E IOT;201;true
3886;INFORMÁTICA BIOMÉDICA Y TECNOLOGÍAS DE LA SALUD;201;true
901;INGLES NIVEL I;202;true
911;COMPUTACION NIVEL I;202;true
902;INGLES NIVEL II;202;true
903;INGLES NIVEL III;202;true
904;INGLES NIVEL IV;202;true
912;COMPUTACION  NIVEL II;202;true
3681;ANALISIS MATEMATICO I;202;true
3682;ALGEBRA Y GEOMETRIA ANALITICA I;202;true
3683;FUNDAMENTOS DE QUIMICA;202;true
3684;FISICA I;202;true
3685;INTEGRACION TECNOLOGICA I;202;true
3686;TECNOLOGIA, INGENIERIA Y SOCIEDAD;202;true
3687;ANALISIS MATEMATICO II;202;true
3688;ALGEBRA Y GEOMETRIA ANALITICA II;202;true
3689;ELEMENTOS DE PROGRAMACION;202;true
3690;FISICA II;202;true
3691;SISTEMA DE REPRESENTACION;202;true
3692;TECNICAS DIGITALES I;202;true
3693;ANALISIS MATEMATICO III;202;true
3694;FISICA III;202;true
3695;TECNICAS DIGITALES II;202;true
3696;ELECTRONICA I;202;true
3698;INTEGRACION TECNOLOGICA II;202;true
3697;TEORIA DE LOS CIRCUITOS I;202;true
3699;ANALISIS MATEMATICO IV;202;true
3700;PROBABILIDAD ESTADISTICA;202;true
3701;ANALISIS DE SEÑALES I;202;true
3702;ELECTRONICA II;202;true
3703;TEORIA DE CIRCUITOS II;202;true
3704;MEDIDAS ELECTRONICAS;202;true
3705;TECNICAS DIGITALES III;202;true
3706;ELECTROMAGNETISMO;202;true
3707;ANALISIS DE SEÑALES II;202;true
3708;ELECTRONICA APLICADA I;202;true
3709;TEORIA DE LOS CIRCUITOS III;202;true
3710;INTEGRACION TECNOLOGICA III;202;true
3711;CALCULO NUMERICO;202;true
3712;TECNICAS DIGITALES IV;202;true
3713;MEDIOS DE ENLACE;202;true
3714;ELECTRONICA APLICADA II;202;true
3715;TEORIA DE CIRCUITOS IV;202;true
3716;TECNOLOGIA;202;true
3717;FISICA IV;202;true
3718;LENGUAJES DESCRIPTIVOS DE HARDWARE;202;true
3719;COMUNICACIONES I;202;true
3720;CONTROL I;202;true
3721;ELECTRONICA APLICADA III;202;true
3722;ECONOMIA;202;true
3723;PRACTICA PROFESIONAL SUPERVISADA;202;true
3724;RESPONSABILIDAD SOCIAL UNIVERSITARIA;202;true
3725;SISTEMAS OPERATIVOS EN TIEMPO REAL;202;true
3726;COMUNICACIONES II;202;true
3727;CONTROL II;202;true
3728;ELECTRONICA INDUSTRIAL;202;true
3729;GESTION DE PROYECTOS;202;true
3730;EJERCICIO DE LA PROFESION;202;true
3731;PROCESAMIENTO DIGITAL DE SEÑALES;202;true
3732;COMUNICACIONES III;202;true
3733;AUTOMATIZACION INDUSTRIAL;202;true
3734;ELECTRONICA DE POTENCIA;202;true
3735;INTEGRACION TECNOLOGICA IV;202;true
3737;COMUNICACIONES AVANZADAS;202;true
3738;CONTROL AVANZADO;202;true
3739;PROYECTO INTEGRADOR;202;true
3742;SEGURIDAD E HIGIENE Y ORGANIZACION INDUSTRIAL;202;true
3743;ROBOTICA;202;true
3744;INFORMATICA AVANZADA;202;true
3745;MATEMATICA AVANZADA;202;true
3736;ELECTIVA I;202;true
3740;ELECTIVA II;202;true
3741;ELECTIVA III;202;true
3763;INFORMÁTICA BIOMÉDICA Y TECNOLOGÍAS DE LA SALUD;202;true
3764;VISIÓN ARTIFICIAL;202;true
4071;HIGIENE, SEGURIDAD E INGENIERIA AMBIENTAL;203;true
4084;GESTION DE LA CALIDAD;203;true
4088;GESTION COMERCIAL;203;true
4092;GESTION Y EVALUACION DE PROYECTOS;203;true
901;INGLES NIVEL I;203;true
911;COMPUTACION NIVEL I;203;true
902;INGLES NIVEL II;203;true
903;INGLES NIVEL III;203;true
904;INGLES NIVEL IV;203;true
912;COMPUTACION  NIVEL II;203;true
4052;ANALISIS MATEMATICO I;203;true
4053;INFRAESTRUCTURA TECNOLOGICA;203;true
4054;ALGEBRA Y GEOMETRIA ANALITICA I;203;true
4055;FISICA I;203;true
4056;SISTEMA DE REPRESENTACION;203;true
4057;INTRODUCCION AL EJERCICIO PROFESIONAL;203;true
4058;ELEMENTOS DE ECONOMIA;203;true
4059;ANALISIS MATEMATICO II;203;true
4060;FISICA II;203;true
4061;FUNDAMENTOS DE QUIMICA;203;true
4062;ALGEBRA Y GEOMETRIA ANALITICA II;203;true
4063;ORGANIZACION INDUSTRIAL I;203;true
4064;COSTOS INDUSTRIALES;203;true
4065;ANALISIS MATEMATICO III;203;true
4066;ETICA PROFESIONAL Y LEGISLACION;203;true
4067;ELEMENTOS DE PROGRAMACION;203;true
4068;FISICA III;203;true
4069;MATERIALES INDUSTRIALES;203;true
4070;TECNOLOGIA DE MATERIALES Y PROCESOS I;203;true
4071;HIGIENE, SEGURIDAD E INGENIERIA AMBIENTAL;203;true
4072;PROBABILIDAD Y ESTADISTICA;203;true
4073;QUIMICA INDUSTRIAL;203;true
4074;GESTION DE OPERACIONES I;203;true
4075;ELECTROTECNIA Y MAQUINAS ELECTRICAS;203;true
4076;TERMODINAMICA;203;true
4077;ORGANIZACION INDUSTRIAL II;203;true
4078;TECNOLOGIA DE MATERIALES Y PROCESOS II;203;true
4079;GESTION DE LA INNOVACION Y EMPRENDEDORISMO;203;true
4080;ESTADISTICA APLICADA;203;true
4081;GESTION DE OPERACIONES II;203;true
4082;ESPACIO DE INTEGRACION TECNOLOGICA;203;true
4083;MAQUINAS TERMICAS;203;true
4084;GESTION DE LA CALIDAD;203;true
4085;MECANICA DE FLUIDOS;203;true
4086;INVESTIGACION OPERATIVA;203;true
4087;PROCESOS INDUSTRIALES I;203;true
4088;GESTION COMERCIAL;203;true
4089;GESTION LOGISTICA;203;true
4090;FINANZAS DE LA EMPRESA;203;true
4091;SISTEMAS INFORMATICOS DE GESTION;203;true
4092;GESTION Y EVALUACION DE PROYECTOS;203;true
4093;ELEMENTOS DE MAQUINAS Y MECANISMOS;203;true
4094;ECOLOGIA INDUSTRIAL Y DESARROLLO SUSTENTABLE;203;true
4095;PROCESOS INDUSTRIALES II;203;true
4096;INDUSTRIAS DE SERVICIOS;203;true
4097;RESPONSABILIDAD SOCIAL UNIVERSITARIA;203;true
4098;PROYECTO FINAL INTEGRADOR;203;true
4099;AUTOMATIZACION INDUSTRIAL;203;true
4101;INSTALACIONES INDUSTRIALES;203;true
4104;GESTION INDUSTRIAL;203;true
4105;PRACTICA PROFESIONAL SUPERVISADA;203;true
4100;ELECTIVA I;203;true
4102;ELECTIVA II;203;true
4103;ELECTIVA III;203;true
4106;SISTEMAS DE GESTION Y MEJORA CONTINUA;203;true
4107;MANEJO Y DISTRIBUCION DE MATERIALES;203;true
4108;INTELIGENCIA INDUSTRIAL;203;true
4109;TECNOLOGIAS EN INDUSTRIA DE LA ALIMENTACION;203;true
4110;PLANEAMIENTO DE LA PRODUCCION E INVENTARIOS;203;true
2996;PROGRAMACION BASICA;210;true
2997;INFORMATICA GENERAL;210;true
2998;MATEMATICA GENERAL;210;true
2999;INGLES TECNICO I;210;true
3000;PROGRAMACION AVANZADA;210;true
3001;PROGRAMACION MOVIL I;210;true
3002;BASE DE DATOS;210;true
3003;INGLES TECNICO II;210;true
3004;PROGRAMACION MOVIL II;210;true
3005;DISEÑO DE APLICACIONES MOVILES;210;true
3006;DESARROLLO DE INTERFACES;210;true
3007;INTRODUCCION A LAS COMUNICACIONES;210;true
3008;TALLER DE DISEÑO;210;true
3009;GESTION DE DATOS;210;true
3010;PROGRAMACION MOVIL III;210;true
3011;ARQUITECTURA DE COMUNICACIONES;210;true
3012;TALLER DE PROGRAMACION;210;true
3013;CALIDAD EN APLICACIONES MOVILES;210;true
3014;METODOLOGIAS DE DESARROLLO DE APLICACIONES;210;true
3015;TRABAJO FINAL;210;true
901;INGLES NIVEL I;211;true
911;COMPUTACION NIVEL I;211;true
902;INGLES NIVEL II;211;true
903;INGLES NIVEL III;211;true
904;INGLES NIVEL IV;211;true
912;COMPUTACION  NIVEL II;211;true
1023;ANALISIS MATEMATICO I;211;true
1024;ELEMENTOS DE PROGRAMACION;211;true
1025;SISTEMAS DE REPRESENTACION Y DIBUJO TECNICO;211;true
1026;TECNOLOGIA INGENIERIA Y SOCIEDAD;211;true
1027;ALGEBRA Y GEOMETRIA ANALITICA I;211;true
1028;MATEMATICA DISCRETA;211;true
1029;QUIMICA GENERAL;211;true
1030;FUNDAMENTOS DE TIC'S;211;true
1031;FISICA I;211;true
1032;ALGEBRA Y GEOMETRIA ANALITICA II;211;true
1033;ANALISIS MATEMATICO II;211;true
1035;FISICA II;211;true
3016;PROBABILIDAD ESTADISTICA;211;true
3017;QUIMICA INDUSTRIAL;211;true
3018;ESTABILIDAD I;211;true
3019;CALCULO NUMERICO;211;true
3020;TERMODINAMICA;211;true
3021;FISICA III;211;true
3022;MATEMATICA AVANZADA;211;true
3023;COSTOS INDUSTRIALES;211;true
3024;MECANICA GENERAL;211;true
3025;MAQUINAS TERMICAS;211;true
3026;ESTABILIDAD II;211;true
3027;ORGANIZACION INDUSTRIAL;211;true
3028;MECANICA DE LOS FLUIDOS;211;true
3029;ESTABILIDAD III;211;true
3030;METALURGIA FISICA I;211;true
3031;ELECTROTECNIA Y ELECTRONICA;211;true
3032;ELEMENTOS DE MAQUINAS;211;true
3033;AUTOMACION I;211;true
3034;TRABAJADO MECANICO I;211;true
3035;METALURGIA FISICA II;211;true
3036;TRABAJADO MECANICO II;211;true
3037;ELEMENTOS DE ECONOMIA;211;true
3038;AUTOMACION II;211;true
3039;MAQUINAS ELECTRICAS;211;true
3040;METROLOGIA Y GESTION DE LA CALIDAD;211;true
3041;HIGIENE Y SEGURIDAD EN EL TRABAJO;211;true
3042;INSTALACIONES INDUSTRIALES;211;true
3043;LEGISLACION GENERAL;211;true
3044;PRACTICA PROFESIONAL SUPERVISADA;211;true
3045;PROYECTO DE INGENIERIA;211;true
1141;TECNICAS DE ELECTRICIDAD;204;true
1142;MATEMATICAS I;204;true
1143;ACUSTICA FISICA;204;true
1144;SISTEMAS OPERATIVOS;204;true
1145;CONCEPTOS RITMICOS;204;true
1146;ACUSTICA APLICADA;204;true
1147;LABORATORIO DE ELECTRONICA;204;true
1148;DIBUJO TECNICO;204;true
1149;ARMONIA;204;true
1150;APRECIACION MUSICAL;204;true
1151;TECNICAS DE GRABACION I;204;true
1152;INTRODUCCION AL RUIDO;204;true
1153;TALLER DE PRACTICAS DE GRABACION;204;true
1154;TECNICAS DE GRABACION II;204;true
1155;ELECTROACUSTICA;204;true
1156;INSTALACIONES DE AUDIO;204;true
1157;ACUSTICA ARQUITECTONICA;204;true
1158;FUENTES DE RUIDO;204;true
1159;TECNICAS DE MEZCLA;204;true
1160;ETICA;204;true
1161;TECNICAS DE OPERACION;204;true
1162;INTRODUCCION A LA EDICION DIGITAL;204;true
1163;REFUERZO DE SONIDO;204;true
1164;PROYECTO FINAL DE ACUSTICA ARQUITECTONICA;204;true
1165;MAPAS DE RUIDO. PARAMETROS;204;true
1166;PROYECTO FINAL DE GRABACION;204;true
1167;TALLER DE MIDI;204;true
1168;INGLES I;204;true
1169;INGLES II;204;true
1170;PROYECTO FINAL DE CONTROL DE RUIDO;204;true
3950;ELECTIVA;204;true
2639;TECNOLOGIA, INFORMACION Y SOCIEDAD;205;true
2640;MATEMATICA BASICA Y CALCULO NUMERICO;205;true
2641;QUIMICA APLICADA;205;true
2642;COMPUTACION I;205;true
2643;PRODUCCION DE CALZADO I;205;true
2644;FISICA APLICADA;205;true
2645;PRODUCCION DE CALZADO II;205;true
2646;MATERIAS PRIMAS E INSUMOS;205;true
2647;COMPUTACION II;205;true
2648;ADMINISTRACION DE LAS ORGANIZACIONES;205;true
2649;PRODUCCION DE CALZADO III;205;true
2650;ORGANIZACION INDUSTRIAL;205;true
2651;DISEÑO ASISTIDO POR COMPUTADORA 2D;205;true
2652;IDIOMA TECNICO I;205;true
2653;DESARROLLO DE PRODUCTO I;205;true
2654;DISEÑO ASISTIDO POR COMPUTADORA 3D;205;true
2655;PLANIFICACION Y CONTROL DE LA PRODUCCION;205;true
2656;COSTOS INDUSTRIALES;205;true
2657;MAQUINAS, EQUIPOS Y SU MANTENIMIENTO;205;true
2658;ASPECTOS LEGALES Y AMBIENTALES;205;true
2659;INNOVACION Y EMPRENDIMIENTOS;205;true
2660;DESARROLLO DE PRODUCTO II;205;true
2661;PRACTICA PROFESIONAL SUPERVISADA;205;true
2662;IDIOMA TECNICO II;205;true
2619;PROGRAMACION BASICA I;206;true
2620;INFORMATICA GENERAL;206;true
2621;MATEMATICA GENERAL;206;true
2622;INGLES TECNICO I;206;true
2623;PROGRAMACION BASICA II;206;true
2624;PROGRAMACION WEB I;206;true
2625;BASES DE DATOS I;206;true
2626;INTRODUCCION AL DISEÑO GRAFICO EN LA WEB;206;true
2627;INGLES TECNICO II;206;true
2628;PROGRAMACION WEB II;206;true
2629;DISEÑO DE APLICACIONES WEB;206;true
2630;VISUALIZACION E INTERFACES;206;true
2631;TALLER WEB I;206;true
2632;BASE DE DATOS II;206;true
2633;PROGRAMACION WEB III;206;true
2634;TECNOLOGIA DE REDES;206;true
2635;TALLER WEB II;206;true
2636;SEGURIDAD Y CALIDAD EN APLICACION WEB;206;true
2637;INTRODUCCION A LA ADMINISTRACION DE PROYECTOS;206;true
2638;TALLER PRACTICO INTEGRADOR;206;true
901;INGLES NIVEL I;207;true
911;COMPUTACION NIVEL I;207;true
902;INGLES NIVEL II;207;true
903;INGLES NIVEL III;207;true
904;INGLES NIVEL IV;207;true
912;COMPUTACION  NIVEL II;207;true
4121;ALGEBRA Y GEOMETRIA ANALITICA I;207;true
4122;ANALISIS MATEMATICO I;207;true
4123;FISICA I;207;true
4124;INTRODUCCION A LA INGENIERIA CIVIL;207;true
4125;SISTEMAS GRAFICOS 2D Y 3D;207;true
4126;FUNDAMENTOS DE QUIMICA;207;true
4127;ALGEBRA Y GEOMETRIA ANALITICA II;207;true
4128;ANALISIS MATEMATICO II;207;true
4129;ESTATICA DE LAS ESTRUCTURAS I;207;true
4130;GEOTOPOGRAFIA;207;true
4131;INNOVACION EN MATERIALES DE CONSTRUCCION;207;true
4132;ANALISIS MATEMATICO III;207;true
4133;EVALUACION DE PROYECTO Y TASACIONES;207;true
4134;ESTATICA DE LAS ESTRUCTURAS II;207;true
4135;FISICA II;207;true
4137;ELECTRICIDAD Y MAGNETISMO;207;true
4136;PROBABILIDAD Y ESTADISTICA;207;true
4138;CALCULO NUMERICO;207;true
4139;MECANICA DE LOS MATERIALES I;207;true
4140;TECNOLOGIA DE LA CONSTRUCCION;207;true
4141;HIGIENE, SEGURIDAD Y MEDIOAMBIENTE;207;true
4142;RESPONSABILIDAD SOCIAL UNIVERSITARIA;207;true
4143;HIDRAULICA GENERAL;207;true
4144;INSTALACIONES TERMOMECANICAS;207;true
4145;MECANICA DE LOS MATERIALES II;207;true
4146;TECNOLOGIA AVANZADA DEL HORMIGON;207;true
4148;HIDRAULICA APLICADA;207;true
4149;INGENIERIA LEGAL;207;true
4150;INSTALACIONES ELECTRICAS Y ACUSTICAS;207;true
4151;INSTALACIONES SANITARIAS Y DE GAS;207;true
4152;ANALISIS ESTRUCTURAL AVANZADO;207;true
4153;ORGANIZACION Y CONDUCCION DE OBRAS;207;true
4154;INTRODUCCION A LAS ESTRUCTURAS DE HORMIGON;207;true
4155;GEOTECNIA;207;true
4156;HIDROLOGIA APLICADA;207;true
4157;CONSTRUCCIONES METALICAS Y DE MADERA;207;true
4158;DISEÑO ARQUITECTONICO, PLANEAMIENTO Y URBANISMO;207;true
4159;ESTRUCTURAS DE HORMIGON;207;true
4160;GEOTECNIA APLICADA;207;true
4161;OBRAS HIDRAULICAS;207;true
4162;INGENIERIA EN INFRAESTRUCTURA VIAL BASICA;207;true
4163;PRACTICA PROFESIONAL SUPERVISADA;207;true
4164;ANALISIS DE CARGAS ESPECIALES EN ESTRUCTURAS;207;true
4165;ANTEPROYECTO;207;true
4166;CIMENTACIONES;207;true
4167;MODELIZACION DE LAS CONSTRUCCIONES METALICAS Y DE MADERA;207;true
4168;INGENIERIA SANITARIA;207;true
4169;OBRAS VIALES;207;true
4173;ANALISIS DE COSTOS;207;true
4174;PROYECTO FINAL;207;true
4175;PLANIFICACION Y GESTION DE SISTEMAS DEL TRANSPORTE;207;true
4176;ESTRUCTURAS ESPECIALES;207;true
4177;TECNOLOGIA DE LAS PREFABRICACIONES INNOVADORAS;207;true
4178;EXCAVACION Y TUNELES;207;true
4179;BIM Y GESTION DE LA CONSTRUCCION;207;true
4180;MODELIZACION HIDRAULICA;207;true
4181;TRANSITO Y VIALIDAD URBANA;207;true
4182;INFRAESTRUCTURA SOSTENIBLE;207;true
4183;PLANTAS POTABILIZADORAS Y TRATAMIENTO DE AFLUENTES LIQUIDOS;207;true
4184;PUENTES;207;true
4170;OPTATIVA I;207;true
4171;OPTATIVA II;207;true
4172;OPTATIVA III;207;true
4147;ANALISIS ESTRUCTURAL BASICO;207;true
4185;INTRODUCCIÓN INGENIERÍA AEROPORTUARIA;207;true
4186;INTRODUCCIÓN AL ANÁLISIS DE DATOS;207;true
4173;ANALISIS DE COSTOS;207;true
4177;TECNOLOGIA DE LAS PREFABRICACIONES INNOVADORAS;207;true
4179;BIM Y GESTION DE LA CONSTRUCCION;207;true
1288;MATEMATICAS I;208;true
1289;FISICA I;208;true
1290;QUIMICA I;208;true
1291;COMPUTACION I;208;true
1292;TECNICAS DE REPRESENTACION;208;true
1293;MATEMATICAS II;208;true
1294;FISICA II;208;true
1295;QUIMICA II;208;true
1296;COMPUTACION II;208;true
1297;IDIOMA TECNICO I (INGLES);208;true
1298;MATERIALES I;208;true
1299;PROCESOS DE MANUFACTURA I;208;true
1300;TRANSMISIONES MECANICAS;208;true
1301;IDIOMA TECNICO II (INGLES);208;true
1302;LABORATORIO Y ENSAYO DE MATERIALES;208;true
1303;MATERIALES II;208;true
1304;PROCESOS DE MANUFACTURA II;208;true
1305;ORGANIZACION DE LA PRODUCCION I;208;true
1306;MATERIALES III;208;true
1307;CALIDAD;208;true
1308;PROCESOS DE MANUFACTURA III;208;true
1309;ORGANIZACION DE LA PRODUCCION II;208;true
1310;ELECTRICIDAD;208;true
1311;PROCESOS DE MANUFACTURA IV;208;true
1312;MAQUINAS Y EQUIPOS PARA MECANIZADO;208;true
1313;PRACTICA PROFESIONAL SUPERVISADA;208;true
901;INGLES NIVEL I;212;true
911;COMPUTACION NIVEL I;212;true
902;INGLES NIVEL II;212;true
903;INGLES NIVEL III;212;true
904;INGLES NIVEL IV;212;true
912;COMPUTACION  NIVEL II;212;true
4000;ANALISIS MATEMATICO I;212;true
4001;QUIMICA GENERAL;212;true
4003;INTRODUCCION A LAS ENERGIAS;212;true
4002;ALGEBRA Y GEOMETRIA ANALITICA I;212;true
4004;FUNDAMENTOS DE LA TRANSICION ENERGETICA;212;true
4005;SISTEMAS DE REPRESENTACION;212;true
4006;ANALISIS MATEMATICO II;212;true
4007;FISICA I;212;true
4008;QUIMICA ORGANICA E HIDROCARBUROS;212;true
4009;INTRODUCCION A LA EFICIENCIA ENERGETICA;212;true
4010;INTRODUCCION A LAS ENERGIAS RENOVABLES;212;true
4011;FISICA II;212;true
4012;ALGEBRA Y GEOMETRIA ANALITICA II;212;true
4013;ANALISIS MATEMATICO III;212;true
4014;LABORATORIO Y PROYECTOS DE ENERGIA I;212;true
4015;INTRODUCCION A LA INFORMATICA;212;true
4016;FISICA III;212;true
4017;TERMODINAMICA;212;true
4018;MECANICA DE FLUIDOS;212;true
4019;CIENCIA DE LOS MATERIALES;212;true
4020;ECONOMIA Y FINANZAS DE LA ENERGIA;212;true
4021;PROCESOS ENERGETICOS I;212;true
4022;INTRODUCCION A LA ELECTRONICA;212;true
4023;PETROLEO Y GAS NATURAL;212;true
4024;ENERGIAS RENOVABLES I;212;true
4025;HIGIENE Y SEGURIDAD;212;true
4026;MARCO NORMATIVO DE LA ENERGIA;212;true
4027;ECOLOGIA Y DESARROLLO SUSTENTABLE;212;true
4028;ENERGIAS RENOVABLES II;212;true
4029;VECTORES ENERGETICOS Y ALMACENAMIENTO;212;true
4030;LABORATORIO Y PROYECTOS DE ENERGIA II;212;true
4031;PROBABILIDAD Y ESTADISTICA;212;true
4032;INSTALACIONES Y MAQUINAS ELECTRICAS I;212;true
4033;NORMAS Y AUDITORIAS ENERGETICAS;212;true
4034;ELECTRONICA APLICADA;212;true
4035;LABORATORIO Y PROYECTOS DE ENERGIA III;212;true
4036;PROCESOS ENERGETICOS II;212;true
4037;ENERGIA HIDRAULICA;212;true
4038;ENERGIA NUCLEAR;212;true
4039;MODELIZACION Y SIMULACION ENERGETICA;212;true
4040;EMPRENDIMIENTOS E INNOVACION;212;true
4042;PROCESOS ENERGETICOS III;212;true
4043;GENERACION, TRANSPORTE Y DISTRIBUCION ELECTRICA;212;true
4045;GESTION DE PROYECTOS DE ENERGIA;212;true
4047;ENERGIAS RENOVABLES III;212;true
4049;PRACTICA PROFESIONAL SUPERVISADA;212;true
4051;RESPONSABILIDAD SOCIAL UNIVERSITARIA;212;true
4044;INSTALACIONES Y MAQUINAS ELECTRICAS II;212;true
4050;PROYECTO FINAL INTEGRADOR;212;true
3972;FUNDAMENTOS DE CIENCIA DE DATOS;212;true
3973;SISTEMAS DE CONTROL DE LA ENERGIA;212;true
3974;HUELLA DE CARBONO;212;true
3975;GEOPOLITICA ENERGETICA;212;true
3976;MARCO NORMATIVO DE LA ENERGIA II;212;true
3977;INTRODUCCION A LA INTELIGENCIA ARTIFICIAL;212;true
3978;CIUDADES INTELIGENTES;212;true
3979;TRANSPORTE Y MOVILIDAD;212;true
3980;ANALISIS FINANCIERO Y OPERATIVO DE PROYECTOS DE ENERGIAS RENOVABLES;212;true
4041;ELECTIVA 1;212;true
4046;ELECTIVA 2;212;true
4048;ELECTIVA 3;212;true
