Identifiacion;legajo;nombre;apellido;codigo_materia;nombre_materia;codigo_propuesta;role;;;
12248358;3881;DANIEL EDUARDO;MONGE;4130;GEOTOPOGRAFIA;207;docente;;;
12454517;3545;GUSTAVO DANIEL;RODRIGUEZ;4173;ANALISIS DE COSTOS;207;docente;;;
12533097;2461;MARIO;SZTAYNBERG;1156;INSTALACIONES DE AUDIO;204;docente;;;
12628115;1876;OSVALDO MARIO;SPOSITTO;3648;DISEÑO DE SOFTWARE;201;docente;;;
12894934;1554;HECTOR;CONRADO;1028;MATEMATICA DISCRETA;201;docente;;;
12894934;1554;HECTOR;CONRADO;1028;MATEMATICA DISCRETA;202;docente;;;
12894934;1554;HECTOR;CONRADO;1028;MATEMATICA DISCRETA;203;docente;;;
12894934;1554;HECTOR;CONRADO;1028;MATEMATICA DISCRETA;207;docente;;;
12894934;1554;HECTOR;CONRADO;1028;MATEMATICA DISCRETA;211;docente;;;
12894934;1554;HECTOR;CONRADO;3621;MATEMATICA DISCRETA;201;docente;;;
12900719;6260;JORGE LUIS;ACEVEDO;4129;ESTATICA DE LAS ESTRUCTURAS I;207;docente;;;
12900719;6260;JORGE LUIS;ACEVEDO;4134;ESTATICA DE LAS ESTRUCTURAS II;207;docente;;;
12900719;6260;JORGE LUIS;ACEVEDO;4139;MECANICA DE LOS MATERIALES I;207;docente;;;
12900719;6260;JORGE LUIS;ACEVEDO;4145;MECANICA DE LOS MATERIALES II;207;docente;;;
12900719;6260;JORGE LUIS;ACEVEDO;4152;ANALISIS ESTRUCTURAL AVANZADO;207;docente;;;
13181153;2865;LUIS NICOLAS;LO VECI;1286;INGENIERIA LEGAL;207;docente;;;
13181153;2865;LUIS NICOLAS;LO VECI;4141;HIGIENE, SEGURIDAD Y MEDIOAMBIENTE;207;docente;;;
13181153;2865;LUIS NICOLAS;LO VECI;4149;INGENIERIA LEGAL;207;docente;;;
13236997;1833;EDUARDO MARCELO;SECCO;1397;ANTEPROYECTO;207;docente;;;
13236997;1833;EDUARDO MARCELO;SECCO;1398;PROYECTO FINAL;207;docente;;;
13236997;1833;EDUARDO MARCELO;SECCO;3041;HIGIENE Y SEGURIDAD EN EL TRABAJO;211;docente;;;
13236997;1833;EDUARDO MARCELO;SECCO;4071;HIGIENE, SEGURIDAD E INGENIERIA AMBIENTAL;203;docente;;;
13236997;1833;EDUARDO MARCELO;SECCO;4147;ANALISIS ESTRUCTURAL BASICO;207;docente;;;
13236997;1833;EDUARDO MARCELO;SECCO;4152;ANALISIS ESTRUCTURAL AVANZADO;207;docente;;;
13236997;1833;EDUARDO MARCELO;SECCO;4165;ANTEPROYECTO;207;docente;;;
13236997;1833;EDUARDO MARCELO;SECCO;4174;PROYECTO FINAL;207;docente;;;
13340071;6266;JORGE SALVADOR;IERACHE;3664;INTELIGENCIA ARTIFICIAL;201;docente;;;
13522605;1904;CARLOS OMAR;ROUCO;3037;ELEMENTOS DE ECONOMIA;211;docente;;;
13522605;1904;CARLOS OMAR;ROUCO;3722;ECONOMIA;202;docente;;;
13522605;1904;CARLOS OMAR;ROUCO;4058;ELEMENTOS DE ECONOMIA;203;docente;;;
13522605;1904;CARLOS OMAR;ROUCO;4109;TECNOLOGIAS EN INDUSTRIA DE LA ALIMENTACION;203;docente;;;
13653009;1519;GUILLERMO;BOSCO;3623;PROGRAMACION INICIAL;201;docente;;;
13653009;1519;GUILLERMO;BOSCO;3629;PROGRAMACION ESTRUCTURADA BASICA;201;docente;;;
13687756;2421;CARLOS ARNALDO;MOLINA;3642;PRINCIPIOS DE DISEÑO DE SISTEMAS;201;docente;;;
13687756;2421;CARLOS ARNALDO;MOLINA;3653;ARQUITECTURA DE SISTEMAS SOFTWARE;201;docente;;;
13711711;1995;HUGO RAUL;TANTIGNONE;3716;TECNOLOGIA;202;docente;;;
13805412;4412;JUAN ENRIQUE;AMOROSO;1247;DISEÑO ARQUITECTONICO, PLANEAMIENTO Y URBANISMO II;207;docente;;;
13805412;4412;JUAN ENRIQUE;AMOROSO;4158;DISEÑO ARQUITECTONICO, PLANEAMIENTO Y URBANISMO;207;docente;;;
13805412;4412;JUAN ENRIQUE;AMOROSO;4179;BIM Y GESTION DE LA CONSTRUCCION;207;docente;;;
13915129;7175;ANDREA LILIANA;STRAUSS;3627;ALGEBRA Y GEOMETRIA ANALITICA I;201;docente;;;
13915129;7175;ANDREA LILIANA;STRAUSS;4054;ALGEBRA Y GEOMETRIA ANALITICA I;203;docente;;;
14015425;1563;ALEJANDRO MARCELO;FRIDMAN;1026;TECNOLOGIA INGENIERIA Y SOCIEDAD;201;docente;;;
14015425;1563;ALEJANDRO MARCELO;FRIDMAN;1026;TECNOLOGIA INGENIERIA Y SOCIEDAD;202;docente;;;
14015425;1563;ALEJANDRO MARCELO;FRIDMAN;1026;TECNOLOGIA INGENIERIA Y SOCIEDAD;203;docente;;;
14015425;1563;ALEJANDRO MARCELO;FRIDMAN;1026;TECNOLOGIA INGENIERIA Y SOCIEDAD;207;docente;;;
14015425;1563;ALEJANDRO MARCELO;FRIDMAN;1026;TECNOLOGIA INGENIERIA Y SOCIEDAD;211;docente;;;
14015425;1563;ALEJANDRO MARCELO;FRIDMAN;3676;RESPONSABILIDAD SOCIAL UNIVERSITARIA;201;docente;;;
14015425;1563;ALEJANDRO MARCELO;FRIDMAN;3686;TECNOLOGIA, INGENIERIA Y SOCIEDAD;202;docente;;;
14015425;1563;ALEJANDRO MARCELO;FRIDMAN;3724;RESPONSABILIDAD SOCIAL UNIVERSITARIA;202;docente;;;
14015425;1563;ALEJANDRO MARCELO;FRIDMAN;4057;INTRODUCCION AL EJERCICIO PROFESIONAL;203;docente;;;
14015425;1563;ALEJANDRO MARCELO;FRIDMAN;4097;RESPONSABILIDAD SOCIAL UNIVERSITARIA;203;docente;;;
14015425;1563;ALEJANDRO MARCELO;FRIDMAN;4142;RESPONSABILIDAD SOCIAL UNIVERSITARIA;207;docente;;;
14027992;1637;CARLOS ALBERTO;GONZALEZ SANZ;3625;SISTEMAS DE NUMERACION;201;docente;;;
14125735;1590;ISABEL BEATRIZ;MARKO;1024;ELEMENTOS DE PROGRAMACION;201;docente;;;
14125735;1590;ISABEL BEATRIZ;MARKO;1024;ELEMENTOS DE PROGRAMACION;202;docente;;;
14125735;1590;ISABEL BEATRIZ;MARKO;1024;ELEMENTOS DE PROGRAMACION;203;docente;;;
14125735;1590;ISABEL BEATRIZ;MARKO;1024;ELEMENTOS DE PROGRAMACION;207;docente;;;
14125735;1590;ISABEL BEATRIZ;MARKO;1024;ELEMENTOS DE PROGRAMACION;211;docente;;;
14125735;1590;ISABEL BEATRIZ;MARKO;3689;ELEMENTOS DE PROGRAMACION;202;docente;;;
14125735;1590;ISABEL BEATRIZ;MARKO;3744;INFORMATICA AVANZADA;202;docente;;;
14125735;1590;ISABEL BEATRIZ;MARKO;4067;ELEMENTOS DE PROGRAMACION;203;docente;;;
14152446;1448;MARIANO DANIEL;JAGER;3037;ELEMENTOS DE ECONOMIA;211;docente;;;
14152446;1448;MARIANO DANIEL;JAGER;3722;ECONOMIA;202;docente;;;
14152446;1448;MARIANO DANIEL;JAGER;4058;ELEMENTOS DE ECONOMIA;203;docente;;;
14246518;483;HORACIO OSVALDO;SOLDANO;4132;ANALISIS MATEMATICO III;207;docente;;;
14310460;1532;JORGE NORBERTO;ELBAUM;3676;RESPONSABILIDAD SOCIAL UNIVERSITARIA;201;docente;;;
14310460;1532;JORGE NORBERTO;ELBAUM;3724;RESPONSABILIDAD SOCIAL UNIVERSITARIA;202;docente;;;
14310460;1532;JORGE NORBERTO;ELBAUM;4097;RESPONSABILIDAD SOCIAL UNIVERSITARIA;203;docente;;;
14310460;1532;JORGE NORBERTO;ELBAUM;4142;RESPONSABILIDAD SOCIAL UNIVERSITARIA;207;docente;;;
14498787;4345;CARLOS ALBERTO;CONDE;1246;PREFABRICACIONES;207;docente;;;
14498787;4345;CARLOS ALBERTO;CONDE;4151;INSTALACIONES SANITARIAS Y DE GAS;207;docente;;;
14498787;4345;CARLOS ALBERTO;CONDE;4177;TECNOLOGIA DE LAS PREFABRICACIONES INNOVADORAS;207;docente;;;
14531276;4486;ROBERTO SANTIAGO;TROTTA;4144;INSTALACIONES TERMOMECANICAS;207;docente;;;
14575276;2332;GRACIELA ROSANA;GARRIDO;4061;FUNDAMENTOS DE QUIMICA;203;docente;;;
14575276;2332;GRACIELA ROSANA;GARRIDO;4126;FUNDAMENTOS DE QUIMICA;207;docente;;;
14585147;2369;RICARDO HORACIO;GONZALEZ;1029;QUIMICA GENERAL;201;docente;;;
14585147;2369;RICARDO HORACIO;GONZALEZ;1029;QUIMICA GENERAL;202;docente;;;
14585147;2369;RICARDO HORACIO;GONZALEZ;1029;QUIMICA GENERAL;203;docente;;;
14585147;2369;RICARDO HORACIO;GONZALEZ;1029;QUIMICA GENERAL;207;docente;;;
14585147;2369;RICARDO HORACIO;GONZALEZ;1029;QUIMICA GENERAL;211;docente;;;
14585147;2369;RICARDO HORACIO;GONZALEZ;3683;FUNDAMENTOS DE QUIMICA;202;docente;;;
14585147;2369;RICARDO HORACIO;GONZALEZ;4001;QUIMICA GENERAL;212;docente;;;
14585147;2369;RICARDO HORACIO;GONZALEZ;4126;FUNDAMENTOS DE QUIMICA;207;docente;;;
14679557;6564;HUGO GUILLERMO;RODOFILE;3027;ORGANIZACION INDUSTRIAL;211;docente;;;
14731881;1553;HECTOR OSCAR;LOPEZ;1033;ANALISIS MATEMATICO II;201;docente;;;
14731881;1553;HECTOR OSCAR;LOPEZ;1033;ANALISIS MATEMATICO II;202;docente;;;
14731881;1553;HECTOR OSCAR;LOPEZ;1033;ANALISIS MATEMATICO II;203;docente;;;
14731881;1553;HECTOR OSCAR;LOPEZ;1033;ANALISIS MATEMATICO II;207;docente;;;
14731881;1553;HECTOR OSCAR;LOPEZ;1033;ANALISIS MATEMATICO II;211;docente;;;
14731881;1553;HECTOR OSCAR;LOPEZ;3639;ANALISIS MATEMATICO III;201;docente;;;
14731881;1553;HECTOR OSCAR;LOPEZ;3693;ANALISIS MATEMATICO III;202;docente;;;
14731881;1553;HECTOR OSCAR;LOPEZ;3699;ANALISIS MATEMATICO IV;202;docente;;;
14740666;2265;SANDRA CLAUDIA;LUCHETTI;3621;MATEMATICA DISCRETA;201;docente;;;
14807652;4454;CLAUDIO VICTOR;PICOTTI;4099;AUTOMATIZACION INDUSTRIAL;203;docente;;;
14874784;2052;RODOLFO EMILIO;CASTIÑEIRAS;3043;LEGISLACION GENERAL;211;docente;;;
14874784;2052;RODOLFO EMILIO;CASTIÑEIRAS;3730;EJERCICIO DE LA PROFESION;202;docente;;;
14874784;2052;RODOLFO EMILIO;CASTIÑEIRAS;4066;ETICA PROFESIONAL Y LEGISLACION;203;docente;;;
14908443;2014;MONICA IRENE;LARROSA;3623;PROGRAMACION INICIAL;201;docente;;;
14970265;2147;LEONARDO JOSE;BLAUTZIK;3623;PROGRAMACION INICIAL;201;docente;;;
14997088;1887;IRIS SUSANA;MORENA;901;INGLES NIVEL I;201;docente;;;
14997088;1887;IRIS SUSANA;MORENA;901;INGLES NIVEL I;202;docente;;;
14997088;1887;IRIS SUSANA;MORENA;901;INGLES NIVEL I;203;docente;;;
14997088;1887;IRIS SUSANA;MORENA;901;INGLES NIVEL I;207;docente;;;
14997088;1887;IRIS SUSANA;MORENA;901;INGLES NIVEL I;211;docente;;;
14997088;1887;IRIS SUSANA;MORENA;901;INGLES NIVEL I;212;docente;;;
14997088;1887;IRIS SUSANA;MORENA;902;INGLES NIVEL II;201;docente;;;
14997088;1887;IRIS SUSANA;MORENA;902;INGLES NIVEL II;202;docente;;;
14997088;1887;IRIS SUSANA;MORENA;902;INGLES NIVEL II;203;docente;;;
14997088;1887;IRIS SUSANA;MORENA;902;INGLES NIVEL II;207;docente;;;
14997088;1887;IRIS SUSANA;MORENA;902;INGLES NIVEL II;211;docente;;;
14997088;1887;IRIS SUSANA;MORENA;902;INGLES NIVEL II;212;docente;;;
14997088;1887;IRIS SUSANA;MORENA;904;INGLES NIVEL IV;201;docente;;;
14997088;1887;IRIS SUSANA;MORENA;904;INGLES NIVEL IV;202;docente;;;
14997088;1887;IRIS SUSANA;MORENA;904;INGLES NIVEL IV;203;docente;;;
14997088;1887;IRIS SUSANA;MORENA;904;INGLES NIVEL IV;207;docente;;;
14997088;1887;IRIS SUSANA;MORENA;904;INGLES NIVEL IV;211;docente;;;
14997088;1887;IRIS SUSANA;MORENA;904;INGLES NIVEL IV;212;docente;;;
16021260;5414;SANDRA MARIA;MENDOZA;3627;ALGEBRA Y GEOMETRIA ANALITICA I;201;docente;;;
16021260;5414;SANDRA MARIA;MENDOZA;4054;ALGEBRA Y GEOMETRIA ANALITICA I;203;docente;;;
16050018;1536;CARLOS EDUARDO;MAIDANA;3631;FUNDAMENTOS DE SISTEMAS EMBEBIDOS;201;docente;;;
16050018;1536;CARLOS EDUARDO;MAIDANA;3638;ARQUITECTURA DE COMPUTADORAS;201;docente;;;
16050527;4510;ENZO ANTONIO;DEL BEN;3626;PRINCIPIOS DE CALIDAD DE SOFTWARE;201;docente;;;
16068754;9065;ANA ELISA;GIRALDEZ;3037;ELEMENTOS DE ECONOMIA;211;docente;;;
16068754;9065;ANA ELISA;GIRALDEZ;3722;ECONOMIA;202;docente;;;
16068754;9065;ANA ELISA;GIRALDEZ;4058;ELEMENTOS DE ECONOMIA;203;docente;;;
16086376;2038;GLADYS NOEMI;KAPLAN;3647;REQUISITOS AVANZADOS;201;docente;;;
16086376;2038;GLADYS NOEMI;KAPLAN;3667;GESTION DE LA CALIDAD EN PROCESOS DE SISTEMAS;201;docente;;;
16106655;9063;EUGENIO ALBERTO;PETRONE;1025;SISTEMAS DE REPRESENTACION Y DIBUJO TECNICO;201;docente;;;
16106655;9063;EUGENIO ALBERTO;PETRONE;1025;SISTEMAS DE REPRESENTACION Y DIBUJO TECNICO;202;docente;;;
16106655;9063;EUGENIO ALBERTO;PETRONE;1025;SISTEMAS DE REPRESENTACION Y DIBUJO TECNICO;203;docente;;;
16106655;9063;EUGENIO ALBERTO;PETRONE;1025;SISTEMAS DE REPRESENTACION Y DIBUJO TECNICO;207;docente;;;
16106655;9063;EUGENIO ALBERTO;PETRONE;1025;SISTEMAS DE REPRESENTACION Y DIBUJO TECNICO;211;docente;;;
16111429;2345;MARCELO GUSTAVO;DENENBERG;3682;ALGEBRA Y GEOMETRIA ANALITICA I;202;docente;;;
16111429;2345;MARCELO GUSTAVO;DENENBERG;4121;ALGEBRA Y GEOMETRIA ANALITICA I;207;docente;;;
16113398;2425;CLAUDIO DOMINGO;CALI;3017;QUIMICA INDUSTRIAL;211;docente;;;
16134934;5024;FERNANDO MARIO;LA ROSA;3637;ANALISIS DE SISTEMAS;201;docente;;;
16145325;1570;DANIEL OSCAR;DIAZ;4137;ELECTRICIDAD Y MAGNETISMO;207;docente;;;
16145325;1570;DANIEL OSCAR;DIAZ;4181;TRANSITO Y VIALIDAD URBANA;207;docente;;;
16145325;1570;DANIEL OSCAR;DIAZ;4185;INTRODUCCIÓN INGENIERÍA AEROPORTUARIA;207;docente;;;
16185080;1702;MARCELA ELISABET;BELLANI;1028;MATEMATICA DISCRETA;201;docente;;;
16185080;1702;MARCELA ELISABET;BELLANI;1028;MATEMATICA DISCRETA;202;docente;;;
16185080;1702;MARCELA ELISABET;BELLANI;1028;MATEMATICA DISCRETA;203;docente;;;
16185080;1702;MARCELA ELISABET;BELLANI;1028;MATEMATICA DISCRETA;207;docente;;;
16185080;1702;MARCELA ELISABET;BELLANI;1028;MATEMATICA DISCRETA;211;docente;;;
16185080;1702;MARCELA ELISABET;BELLANI;3621;MATEMATICA DISCRETA;201;docente;;;
16214133;4484;VIVIANA MONICA;SANCHEZ;3625;SISTEMAS DE NUMERACION;201;docente;;;
16219755;2050;GUSTAVO ALBERTO;RAIDE;3676;RESPONSABILIDAD SOCIAL UNIVERSITARIA;201;docente;;;
16273646;6914;VIVIAN PAULA;JEANDET;1249;TRANSITO Y VIALIDAD URBANA;207;docente;;;
16273646;6914;VIVIAN PAULA;JEANDET;1281;ANALISIS ESTRUCTURAL II;207;docente;;;
16273646;6914;VIVIAN PAULA;JEANDET;4162;INGENIERIA EN INFRAESTRUCTURA VIAL BASICA;207;docente;;;
16273646;6914;VIVIAN PAULA;JEANDET;4169;OBRAS VIALES;207;docente;;;
16273646;6914;VIVIAN PAULA;JEANDET;4181;TRANSITO Y VIALIDAD URBANA;207;docente;;;
16492225;2120;GABRIELA PATRICIA;GABAY;3041;HIGIENE Y SEGURIDAD EN EL TRABAJO;211;docente;;;
16492225;2120;GABRIELA PATRICIA;GABAY;3632;INTRODUCCION A LOS PROYECTOS INFORMATICOS;201;docente;;;
16492225;2120;GABRIELA PATRICIA;GABAY;3742;SEGURIDAD E HIGIENE Y ORGANIZACION INDUSTRIAL;202;docente;;;
16513412;6249;SERGIO DANIEL;CONDE;3630;INTRODUCCION A LA GESTION DE REQUISITOS;201;docente;;;
16513412;6249;SERGIO DANIEL;CONDE;3637;ANALISIS DE SISTEMAS;201;docente;;;
16556772;2247;DAMIAN;AZZINARI;4070;TECNOLOGIA DE MATERIALES Y PROCESOS I;203;docente;;;
16556772;2247;DAMIAN;AZZINARI;4078;TECNOLOGIA DE MATERIALES Y PROCESOS II;203;docente;;;
16556772;2247;DAMIAN;AZZINARI;4093;ELEMENTOS DE MAQUINAS Y MECANISMOS;203;docente;;;
16559706;2473;ALEJANDRA MARIA;DE LOS RIOS;1029;QUIMICA GENERAL;201;docente;;;
16559706;2473;ALEJANDRA MARIA;DE LOS RIOS;1029;QUIMICA GENERAL;202;docente;;;
16559706;2473;ALEJANDRA MARIA;DE LOS RIOS;1029;QUIMICA GENERAL;203;docente;;;
16559706;2473;ALEJANDRA MARIA;DE LOS RIOS;1029;QUIMICA GENERAL;207;docente;;;
16559706;2473;ALEJANDRA MARIA;DE LOS RIOS;1029;QUIMICA GENERAL;211;docente;;;
16559706;2473;ALEJANDRA MARIA;DE LOS RIOS;3683;FUNDAMENTOS DE QUIMICA;202;docente;;;
16559706;2473;ALEJANDRA MARIA;DE LOS RIOS;4001;QUIMICA GENERAL;212;docente;;;
16559706;2473;ALEJANDRA MARIA;DE LOS RIOS;4061;FUNDAMENTOS DE QUIMICA;203;docente;;;
16559706;2473;ALEJANDRA MARIA;DE LOS RIOS;4126;FUNDAMENTOS DE QUIMICA;207;docente;;;
16599804;2511;CESAR FABIAN;PIÑERO;1029;QUIMICA GENERAL;201;docente;;;
16599804;2511;CESAR FABIAN;PIÑERO;1029;QUIMICA GENERAL;202;docente;;;
16599804;2511;CESAR FABIAN;PIÑERO;1029;QUIMICA GENERAL;203;docente;;;
16599804;2511;CESAR FABIAN;PIÑERO;1029;QUIMICA GENERAL;207;docente;;;
16599804;2511;CESAR FABIAN;PIÑERO;1029;QUIMICA GENERAL;211;docente;;;
16599804;2511;CESAR FABIAN;PIÑERO;3683;FUNDAMENTOS DE QUIMICA;202;docente;;;
16599804;2511;CESAR FABIAN;PIÑERO;4001;QUIMICA GENERAL;212;docente;;;
16599804;2511;CESAR FABIAN;PIÑERO;4126;FUNDAMENTOS DE QUIMICA;207;docente;;;
16657139;3447;GABRIEL ANIBAL;GARCIA;3623;PROGRAMACION INICIAL;201;docente;;;
16657139;3447;GABRIEL ANIBAL;GARCIA;3629;PROGRAMACION ESTRUCTURADA BASICA;201;docente;;;
16774402;5974;MARIA CRISTINA;DANIELE;902;INGLES NIVEL II;201;docente;;;
16774402;5974;MARIA CRISTINA;DANIELE;902;INGLES NIVEL II;202;docente;;;
16774402;5974;MARIA CRISTINA;DANIELE;902;INGLES NIVEL II;203;docente;;;
16774402;5974;MARIA CRISTINA;DANIELE;902;INGLES NIVEL II;207;docente;;;
16774402;5974;MARIA CRISTINA;DANIELE;902;INGLES NIVEL II;211;docente;;;
16774402;5974;MARIA CRISTINA;DANIELE;902;INGLES NIVEL II;212;docente;;;
16832056;2217;MONICA CRISTINA;AUBIN;4005;SISTEMAS DE REPRESENTACION;212;docente;;;
16832056;2217;MONICA CRISTINA;AUBIN;4056;SISTEMA DE REPRESENTACION;203;docente;;;
16832056;2217;MONICA CRISTINA;AUBIN;4125;SISTEMAS GRAFICOS 2D Y 3D;207;docente;;;
16878115;1962;ROXANA;SCORZO;3622;ANALISIS MATEMATICO I;201;docente;;;
16878115;1962;ROXANA;SCORZO;3681;ANALISIS MATEMATICO I;202;docente;;;
16921118;1719;GUILLERMO VICTOR;BURANITS;3631;FUNDAMENTOS DE SISTEMAS EMBEBIDOS;201;docente;;;
16921118;1719;GUILLERMO VICTOR;BURANITS;3718;LENGUAJES DESCRIPTIVOS DE HARDWARE;202;docente;;;
16967800;1804;JORGE GABRIEL (H);MIRABELLI;3623;PROGRAMACION INICIAL;201;docente;;;
16967800;1804;JORGE GABRIEL (H);MIRABELLI;3629;PROGRAMACION ESTRUCTURADA BASICA;201;docente;;;
16973949;393;FABIAN ROBERTO;MONTERO;3042;INSTALACIONES INDUSTRIALES;211;docente;;;
16973949;393;FABIAN ROBERTO;MONTERO;4101;INSTALACIONES INDUSTRIALES;203;docente;;;
16973949;393;FABIAN ROBERTO;MONTERO;4124;INTRODUCCION A LA INGENIERIA CIVIL;207;docente;;;
16973949;393;FABIAN ROBERTO;MONTERO;4133;EVALUACION DE PROYECTO Y TASACIONES;207;docente;;;
16973949;393;FABIAN ROBERTO;MONTERO;4140;TECNOLOGIA DE LA CONSTRUCCION;207;docente;;;
16976471;2235;CLAUDIA GABRIELA;ALDERETE;3625;SISTEMAS DE NUMERACION;201;docente;;;
16978346;1926;RENATA SILVIA;GUATELLI;3640;ALGORITMOS Y ESTRUCTURAS DE DATOS;201;docente;;;
17050849;1598;JAVIER;DIOGUARDI;3626;PRINCIPIOS DE CALIDAD DE SOFTWARE;201;docente;;;
17050849;1598;JAVIER;DIOGUARDI;4063;ORGANIZACION INDUSTRIAL I;203;docente;;;
17050849;1598;JAVIER;DIOGUARDI;4084;GESTION DE LA CALIDAD;203;docente;;;
17050849;1598;JAVIER;DIOGUARDI;4088;GESTION COMERCIAL;203;docente;;;
17198364;2186;CRISTINA MARIA;PEREZ;3645;ALGEBRA Y GEOMETRIA ANALITICA II;201;docente;;;
17198364;2186;CRISTINA MARIA;PEREZ;4012;ALGEBRA Y GEOMETRIA ANALITICA II;212;docente;;;
17198364;2186;CRISTINA MARIA;PEREZ;4062;ALGEBRA Y GEOMETRIA ANALITICA II;203;docente;;;
17198364;2186;CRISTINA MARIA;PEREZ;4127;ALGEBRA Y GEOMETRIA ANALITICA II;207;docente;;;
17326845;3935;MARIA ELISA;CANGADO VAZQUEZ;2621;MATEMATICA GENERAL;206;docente;;;
17358629;1720;GUSTAVO ARIEL;AGUSTIN;3636;BASES DE DATOS;201;docente;;;
17400849;1635;SILVIA CRISTINA;BIDONDO;3632;INTRODUCCION A LOS PROYECTOS INFORMATICOS;201;docente;;;
17400849;1635;SILVIA CRISTINA;BIDONDO;3676;RESPONSABILIDAD SOCIAL UNIVERSITARIA;201;docente;;;
17400849;1635;SILVIA CRISTINA;BIDONDO;3724;RESPONSABILIDAD SOCIAL UNIVERSITARIA;202;docente;;;
17400849;1635;SILVIA CRISTINA;BIDONDO;4097;RESPONSABILIDAD SOCIAL UNIVERSITARIA;203;docente;;;
17400849;1635;SILVIA CRISTINA;BIDONDO;4142;RESPONSABILIDAD SOCIAL UNIVERSITARIA;207;docente;;;
17406346;2223;GABRIELA VIVIANA;MAGENTA;1148;DIBUJO TECNICO;204;docente;;;
17406346;2223;GABRIELA VIVIANA;MAGENTA;4005;SISTEMAS DE REPRESENTACION;212;docente;;;
17406346;2223;GABRIELA VIVIANA;MAGENTA;4056;SISTEMA DE REPRESENTACION;203;docente;;;
17406346;2223;GABRIELA VIVIANA;MAGENTA;4125;SISTEMAS GRAFICOS 2D Y 3D;207;docente;;;
17476138;1713;MARCELO DANTE;CAIAFA;3732;COMUNICACIONES III;202;docente;;;
17476690;2187;NORMA;SARTOR;1023;ANALISIS MATEMATICO I;201;docente;;;
17476690;2187;NORMA;SARTOR;1023;ANALISIS MATEMATICO I;202;docente;;;
17476690;2187;NORMA;SARTOR;1023;ANALISIS MATEMATICO I;203;docente;;;
17476690;2187;NORMA;SARTOR;1023;ANALISIS MATEMATICO I;207;docente;;;
17476690;2187;NORMA;SARTOR;1023;ANALISIS MATEMATICO I;211;docente;;;
17476690;2187;NORMA;SARTOR;3622;ANALISIS MATEMATICO I;201;docente;;;
17476690;2187;NORMA;SARTOR;3687;ANALISIS MATEMATICO II;202;docente;;;
17476690;2187;NORMA;SARTOR;4059;ANALISIS MATEMATICO II;203;docente;;;
17476690;2187;NORMA;SARTOR;4122;ANALISIS MATEMATICO I;207;docente;;;
17476690;2187;NORMA;SARTOR;4128;ANALISIS MATEMATICO II;207;docente;;;
17546879;1802;JOSE LUIS;CABRERA;3630;INTRODUCCION A LA GESTION DE REQUISITOS;201;docente;;;
17546879;1802;JOSE LUIS;CABRERA;3648;DISEÑO DE SOFTWARE;201;docente;;;
17550256;2171;FABIAN ROBERTO;POLO;1023;ANALISIS MATEMATICO I;201;docente;;;
17550256;2171;FABIAN ROBERTO;POLO;1023;ANALISIS MATEMATICO I;202;docente;;;
17550256;2171;FABIAN ROBERTO;POLO;1023;ANALISIS MATEMATICO I;203;docente;;;
17550256;2171;FABIAN ROBERTO;POLO;1023;ANALISIS MATEMATICO I;207;docente;;;
17550256;2171;FABIAN ROBERTO;POLO;1023;ANALISIS MATEMATICO I;211;docente;;;
17550256;2171;FABIAN ROBERTO;POLO;4000;ANALISIS MATEMATICO I;212;docente;;;
17550256;2171;FABIAN ROBERTO;POLO;4052;ANALISIS MATEMATICO I;203;docente;;;
17550548;2020;JOSE LUIS;DRAGONE;3019;CALCULO NUMERICO;211;docente;;;
17550548;2020;JOSE LUIS;DRAGONE;3711;CALCULO NUMERICO;202;docente;;;
17550548;2020;JOSE LUIS;DRAGONE;4138;CALCULO NUMERICO;207;docente;;;
17597893;1860;PABLO;VIZCAINO;4069;MATERIALES INDUSTRIALES;203;docente;;;
17617946;1255;LUIS ENRIQUE;FAUROUX;3020;TERMODINAMICA;211;docente;;;
17617946;1255;LUIS ENRIQUE;FAUROUX;4003;INTRODUCCION A LAS ENERGIAS;212;docente;;;
17778549;496;PABLO ALEJANDRO;LENA;2620;INFORMATICA GENERAL;206;docente;;;
17778549;496;PABLO ALEJANDRO;LENA;2634;TECNOLOGIA DE REDES;206;docente;;;
17778549;496;PABLO ALEJANDRO;LENA;2997;INFORMATICA GENERAL;210;docente;;;
17778549;496;PABLO ALEJANDRO;LENA;3007;INTRODUCCION A LAS COMUNICACIONES;210;docente;;;
17778549;496;PABLO ALEJANDRO;LENA;3011;ARQUITECTURA DE COMUNICACIONES;210;docente;;;
17784065;1544;CARLOS ALBERTO (H);HERNANDEZ;3041;HIGIENE Y SEGURIDAD EN EL TRABAJO;211;docente;;;
17784065;1544;CARLOS ALBERTO (H);HERNANDEZ;3626;PRINCIPIOS DE CALIDAD DE SOFTWARE;201;docente;;;
17784065;1544;CARLOS ALBERTO (H);HERNANDEZ;3632;INTRODUCCION A LOS PROYECTOS INFORMATICOS;201;docente;;;
17784065;1544;CARLOS ALBERTO (H);HERNANDEZ;3742;SEGURIDAD E HIGIENE Y ORGANIZACION INDUSTRIAL;202;docente;;;
17784065;1544;CARLOS ALBERTO (H);HERNANDEZ;4084;GESTION DE LA CALIDAD;203;docente;;;
17795414;4516;GABRIEL ANIBAL;CELENTANO;4155;GEOTECNIA;207;docente;;;
17795414;4516;GABRIEL ANIBAL;CELENTANO;4160;GEOTECNIA APLICADA;207;docente;;;
17838891;2131;JORGE ANTONIO;FITER;3631;FUNDAMENTOS DE SISTEMAS EMBEBIDOS;201;docente;;;
17838891;2131;JORGE ANTONIO;FITER;3638;ARQUITECTURA DE COMPUTADORAS;201;docente;;;
17881259;2537;ELISABETH RUTH;HERRERIA;4094;ECOLOGIA INDUSTRIAL Y DESARROLLO SUSTENTABLE;203;docente;;;
17900021;5560;OSCAR ALEJANDRO;GOITEA;2619;PROGRAMACION BASICA I;206;docente;;;
17900021;5560;OSCAR ALEJANDRO;GOITEA;2996;PROGRAMACION BASICA;210;docente;;;
17965228;2538;PABLO GABRIEL;PROVENZANO;4085;MECANICA DE FLUIDOS;203;docente;;;
17988816;2055;OSCAR GUSTAVO;MARASCA;3676;RESPONSABILIDAD SOCIAL UNIVERSITARIA;201;docente;;;
17988816;2055;OSCAR GUSTAVO;MARASCA;3724;RESPONSABILIDAD SOCIAL UNIVERSITARIA;202;docente;;;
17988816;2055;OSCAR GUSTAVO;MARASCA;4097;RESPONSABILIDAD SOCIAL UNIVERSITARIA;203;docente;;;
17988816;2055;OSCAR GUSTAVO;MARASCA;4142;RESPONSABILIDAD SOCIAL UNIVERSITARIA;207;docente;;;
18023299;2160;MABEL HAYDEE;COMPAGNONI;3625;SISTEMAS DE NUMERACION;201;docente;;;
18048176;1460;ALEXIS PABLO;VILLAMAYOR;3649;SISTEMAS OPERATIVOS;201;docente;;;
18048176;1460;ALEXIS PABLO;VILLAMAYOR;3654;VIRTUALIZACION DE HARDWARE;201;docente;;;
18078122;1504;MARCELA CRISTINA;FALSETTI;1032;ALGEBRA Y GEOMETRIA ANALITICA II;201;docente;;;
18078122;1504;MARCELA CRISTINA;FALSETTI;1032;ALGEBRA Y GEOMETRIA ANALITICA II;202;docente;;;
18078122;1504;MARCELA CRISTINA;FALSETTI;1032;ALGEBRA Y GEOMETRIA ANALITICA II;203;docente;;;
18078122;1504;MARCELA CRISTINA;FALSETTI;1032;ALGEBRA Y GEOMETRIA ANALITICA II;207;docente;;;
18078122;1504;MARCELA CRISTINA;FALSETTI;1032;ALGEBRA Y GEOMETRIA ANALITICA II;211;docente;;;
18078122;1504;MARCELA CRISTINA;FALSETTI;3645;ALGEBRA Y GEOMETRIA ANALITICA II;201;docente;;;
18078122;1504;MARCELA CRISTINA;FALSETTI;4012;ALGEBRA Y GEOMETRIA ANALITICA II;212;docente;;;
18078122;1504;MARCELA CRISTINA;FALSETTI;4062;ALGEBRA Y GEOMETRIA ANALITICA II;203;docente;;;
18078122;1504;MARCELA CRISTINA;FALSETTI;4127;ALGEBRA Y GEOMETRIA ANALITICA II;207;docente;;;
18098312;4202;GUSTAVO RODOLFO;PIACENTINI;3684;FISICA I;202;docente;;;
18098312;4202;GUSTAVO RODOLFO;PIACENTINI;4007;FISICA I;212;docente;;;
18098312;4202;GUSTAVO RODOLFO;PIACENTINI;4055;FISICA I;203;docente;;;
18098312;4202;GUSTAVO RODOLFO;PIACENTINI;4123;FISICA I;207;docente;;;
18138418;1931;HORACIO RENE;DEL GIORGIO;1144;SISTEMAS OPERATIVOS;204;docente;;;
18149218;1604;CARLOS ALBERTO;BINKER;3643;REDES DE COMPUTADORAS;201;docente;;;
18196346;6809;ANIBAL;POSE;3011;ARQUITECTURA DE COMUNICACIONES;210;docente;;;
18196346;6809;ANIBAL;POSE;3031;ELECTROTECNIA Y ELECTRONICA;211;docente;;;
18196346;6809;ANIBAL;POSE;3678;TECNOLOGIAS EN SEGURIDAD;201;docente;;;
18260179;2844;PAULA GABRIELA VERON;LEON;4073;QUIMICA INDUSTRIAL;203;docente;;;
18260179;2844;PAULA GABRIELA VERON;LEON;4109;TECNOLOGIAS EN INDUSTRIA DE LA ALIMENTACION;203;docente;;;
18263746;2170;CLAUDIA SANDRA;ALGIERI;1023;ANALISIS MATEMATICO I;201;docente;;;
18263746;2170;CLAUDIA SANDRA;ALGIERI;1023;ANALISIS MATEMATICO I;202;docente;;;
18263746;2170;CLAUDIA SANDRA;ALGIERI;1023;ANALISIS MATEMATICO I;203;docente;;;
18263746;2170;CLAUDIA SANDRA;ALGIERI;1023;ANALISIS MATEMATICO I;207;docente;;;
18263746;2170;CLAUDIA SANDRA;ALGIERI;1023;ANALISIS MATEMATICO I;211;docente;;;
18263746;2170;CLAUDIA SANDRA;ALGIERI;4000;ANALISIS MATEMATICO I;212;docente;;;
18263746;2170;CLAUDIA SANDRA;ALGIERI;4052;ANALISIS MATEMATICO I;203;docente;;;
18278981;2099;LAURA MARCELA;ZAVALA;3623;PROGRAMACION INICIAL;201;docente;;;
18316674;1729;MAURICIO OMAR;DA ROCHA;3019;CALCULO NUMERICO;211;docente;;;
18316674;1729;MAURICIO OMAR;DA ROCHA;3701;ANALISIS DE SEÑALES I;202;docente;;;
18316674;1729;MAURICIO OMAR;DA ROCHA;3707;ANALISIS DE SEÑALES II;202;docente;;;
18316674;1729;MAURICIO OMAR;DA ROCHA;3711;CALCULO NUMERICO;202;docente;;;
18316674;1729;MAURICIO OMAR;DA ROCHA;4138;CALCULO NUMERICO;207;docente;;;
18324207;4509;CARLOS DAVID;ZANINI;4155;GEOTECNIA;207;docente;;;
18324207;4509;CARLOS DAVID;ZANINI;4160;GEOTECNIA APLICADA;207;docente;;;
18449485;7220;MONICA SILVIA;LORDI;3022;MATEMATICA AVANZADA;211;docente;;;
18449485;7220;MONICA SILVIA;LORDI;3662;MATEMATICA APLICADA;201;docente;;;
18540008;1601;FABIO ERNESTO;RIVALTA;3649;SISTEMAS OPERATIVOS;201;docente;;;
18579435;4869;GUSTAVO DANIEL;EFRON;1026;TECNOLOGIA INGENIERIA Y SOCIEDAD;201;docente;;;
18579435;4869;GUSTAVO DANIEL;EFRON;1026;TECNOLOGIA INGENIERIA Y SOCIEDAD;202;docente;;;
18579435;4869;GUSTAVO DANIEL;EFRON;1026;TECNOLOGIA INGENIERIA Y SOCIEDAD;203;docente;;;
18579435;4869;GUSTAVO DANIEL;EFRON;1026;TECNOLOGIA INGENIERIA Y SOCIEDAD;207;docente;;;
18579435;4869;GUSTAVO DANIEL;EFRON;1026;TECNOLOGIA INGENIERIA Y SOCIEDAD;211;docente;;;
18579435;4869;GUSTAVO DANIEL;EFRON;3676;RESPONSABILIDAD SOCIAL UNIVERSITARIA;201;docente;;;
18579435;4869;GUSTAVO DANIEL;EFRON;3686;TECNOLOGIA, INGENIERIA Y SOCIEDAD;202;docente;;;
18579435;4869;GUSTAVO DANIEL;EFRON;3724;RESPONSABILIDAD SOCIAL UNIVERSITARIA;202;docente;;;
18579435;4869;GUSTAVO DANIEL;EFRON;4057;INTRODUCCION AL EJERCICIO PROFESIONAL;203;docente;;;
18579435;4869;GUSTAVO DANIEL;EFRON;4097;RESPONSABILIDAD SOCIAL UNIVERSITARIA;203;docente;;;
18579435;4869;GUSTAVO DANIEL;EFRON;4142;RESPONSABILIDAD SOCIAL UNIVERSITARIA;207;docente;;;
18751512;171;CARLOS ALFREDO;FRANCO ARRUA;3622;ANALISIS MATEMATICO I;201;docente;;;
18751512;171;CARLOS ALFREDO;FRANCO ARRUA;3633;ANALISIS MATEMATICO II;201;docente;;;
20069789;1856;JOSE ANTONIO;RZEPA;3720;CONTROL I;202;docente;;;
20251378;1700;GABRIELA MIRTA;OCAMPO;3627;ALGEBRA Y GEOMETRIA ANALITICA I;201;docente;;;
20317738;1624;ALICIA LAURA;MON;3659;GESTION APLICADA AL DESARROLLO DE SOFTWARE I;201;docente;;;
20317738;1624;ALICIA LAURA;MON;3665;GESTION APLICADA AL DESARROLLO DE SOFTWARE II;201;docente;;;
20341444;4676;RAUL;NOVOA;4157;CONSTRUCCIONES METALICAS Y DE MADERA;207;docente;;;
20341444;4676;RAUL;NOVOA;4167;MODELIZACION DE LAS CONSTRUCCIONES METALICAS Y DE MADERA;207;docente;;;
20369108;2008;ANDREA FABIANA;VERA;3630;INTRODUCCION A LA GESTION DE REQUISITOS;201;docente;;;
20369108;2008;ANDREA FABIANA;VERA;3661;GESTION DE PROYECTOS;201;docente;;;
20420690;8024;LUIS FERNANDO;FERNANDEZ;3033;AUTOMACION I;211;docente;;;
20520398;6256;HECTOR RICARDO;NUÑEZ;4086;INVESTIGACION OPERATIVA;203;docente;;;
20520398;6256;HECTOR RICARDO;NUÑEZ;4089;GESTION LOGISTICA;203;docente;;;
20520398;6256;HECTOR RICARDO;NUÑEZ;4107;MANEJO Y DISTRIBUCION DE MATERIALES;203;docente;;;
20520398;6256;HECTOR RICARDO;NUÑEZ;4110;PLANEAMIENTO DE LA PRODUCCION E INVENTARIOS;203;docente;;;
20593370;2074;CARLOS HORACIO;PELIZA;3599;REDES MOVILES E IOT;201;docente;;;
20593370;2074;CARLOS HORACIO;PELIZA;3723;PRACTICA PROFESIONAL SUPERVISADA;202;docente;;;
20597658;5062;PAULA MARIA;ANGELERI;3667;GESTION DE LA CALIDAD EN PROCESOS DE SISTEMAS;201;docente;;;
20618552;1830;CLAUDIA ALEJANDRA;MALLO;3626;PRINCIPIOS DE CALIDAD DE SOFTWARE;201;docente;;;
20618595;4980;ALEJANDRO GABRIEL;FOURCADE;1147;LABORATORIO DE ELECTRONICA;204;docente;;;
20618595;4980;ALEJANDRO GABRIEL;FOURCADE;1154;TECNICAS DE GRABACION II;204;docente;;;
20618595;4980;ALEJANDRO GABRIEL;FOURCADE;1159;TECNICAS DE MEZCLA;204;docente;;;
20618595;4980;ALEJANDRO GABRIEL;FOURCADE;1163;REFUERZO DE SONIDO;204;docente;;;
20618595;4980;ALEJANDRO GABRIEL;FOURCADE;3038;AUTOMACION II;211;docente;;;
20618595;4980;ALEJANDRO GABRIEL;FOURCADE;3705;TECNICAS DIGITALES III;202;docente;;;
20618595;4980;ALEJANDRO GABRIEL;FOURCADE;3712;TECNICAS DIGITALES IV;202;docente;;;
20719155;4312;GUILLERMO;PONTINI;3627;ALGEBRA Y GEOMETRIA ANALITICA I;201;docente;;;
20748463;2123;MARCELO ANTONIO;MARQUEZ;3697;TEORIA DE LOS CIRCUITOS I;202;docente;;;
20748463;2123;MARCELO ANTONIO;MARQUEZ;3703;TEORIA DE CIRCUITOS II;202;docente;;;
20748463;2123;MARCELO ANTONIO;MARQUEZ;3709;TEORIA DE LOS CIRCUITOS III;202;docente;;;
20748463;2123;MARCELO ANTONIO;MARQUEZ;3715;TEORIA DE CIRCUITOS IV;202;docente;;;
20860263;2515;MARCELO ADRIAN;JUAREZ;2638;TALLER PRACTICO INTEGRADOR;206;docente;;;
20860263;2515;MARCELO ADRIAN;JUAREZ;3015;TRABAJO FINAL;210;docente;;;
20860263;2515;MARCELO ADRIAN;JUAREZ;3037;ELEMENTOS DE ECONOMIA;211;docente;;;
20860263;2515;MARCELO ADRIAN;JUAREZ;3669;INNOVACION Y EMPRENDEDORISMO;201;docente;;;
20860263;2515;MARCELO ADRIAN;JUAREZ;3722;ECONOMIA;202;docente;;;
20860263;2515;MARCELO ADRIAN;JUAREZ;4058;ELEMENTOS DE ECONOMIA;203;docente;;;
20860263;2515;MARCELO ADRIAN;JUAREZ;4088;GESTION COMERCIAL;203;docente;;;
20984826;4551;RUBEN ANTONIO;CORIA;3027;ORGANIZACION INDUSTRIAL;211;docente;;;
20984826;4551;RUBEN ANTONIO;CORIA;4077;ORGANIZACION INDUSTRIAL II;203;docente;;;
20984826;4551;RUBEN ANTONIO;CORIA;4095;PROCESOS INDUSTRIALES II;203;docente;;;
21093309;2048;ESTEBAN LUIS;SECONDI;3676;RESPONSABILIDAD SOCIAL UNIVERSITARIA;201;docente;;;
21093309;2048;ESTEBAN LUIS;SECONDI;3724;RESPONSABILIDAD SOCIAL UNIVERSITARIA;202;docente;;;
21093309;2048;ESTEBAN LUIS;SECONDI;4097;RESPONSABILIDAD SOCIAL UNIVERSITARIA;203;docente;;;
21093309;2048;ESTEBAN LUIS;SECONDI;4142;RESPONSABILIDAD SOCIAL UNIVERSITARIA;207;docente;;;
21438155;2360;MYRIAN NOEMÌ;GIL;3656;ESTADISTICA APLICADA;201;docente;;;
21438217;1965;LEONARDO OMAR;CATALANO;3649;SISTEMAS OPERATIVOS;201;docente;;;
21470379;466;MARCELA FABIANA;DAVILA;3624;INTRODUCCION A LOS SISTEMAS DE INFORMACION;201;docente;;;
21493569;5504;GABRIELA INES;D'ANUNZIO;901;INGLES NIVEL I;201;docente;;;
21493569;5504;GABRIELA INES;D'ANUNZIO;901;INGLES NIVEL I;202;docente;;;
21493569;5504;GABRIELA INES;D'ANUNZIO;901;INGLES NIVEL I;203;docente;;;
21493569;5504;GABRIELA INES;D'ANUNZIO;901;INGLES NIVEL I;207;docente;;;
21493569;5504;GABRIELA INES;D'ANUNZIO;901;INGLES NIVEL I;211;docente;;;
21493569;5504;GABRIELA INES;D'ANUNZIO;901;INGLES NIVEL I;212;docente;;;
21493569;5504;GABRIELA INES;D'ANUNZIO;1168;INGLES I;204;docente;;;
21493569;5504;GABRIELA INES;D'ANUNZIO;1169;INGLES II;204;docente;;;
21885077;399;HECTOR ALEJANDRO;RUSTICCINI;2628;PROGRAMACION WEB II;206;docente;;;
21885077;399;HECTOR ALEJANDRO;RUSTICCINI;2638;TALLER PRACTICO INTEGRADOR;206;docente;;;
21885077;399;HECTOR ALEJANDRO;RUSTICCINI;3015;TRABAJO FINAL;210;docente;;;
21903374;2100;JUAN ANDRÉS;DE CICCO;2630;VISUALIZACION E INTERFACES;206;docente;;;
21903374;2100;JUAN ANDRÉS;DE CICCO;2638;TALLER PRACTICO INTEGRADOR;206;docente;;;
21903374;2100;JUAN ANDRÉS;DE CICCO;3015;TRABAJO FINAL;210;docente;;;
22001458;1971;ALEJANDRO MIGUEL;BEVILACQUA;3628;FISICA I;201;docente;;;
22001458;1971;ALEJANDRO MIGUEL;BEVILACQUA;3634;FISICA II;201;docente;;;
22001458;1971;ALEJANDRO MIGUEL;BEVILACQUA;3684;FISICA I;202;docente;;;
22001458;1971;ALEJANDRO MIGUEL;BEVILACQUA;3690;FISICA II;202;docente;;;
22001458;1971;ALEJANDRO MIGUEL;BEVILACQUA;3702;ELECTRONICA II;202;docente;;;
22001458;1971;ALEJANDRO MIGUEL;BEVILACQUA;4007;FISICA I;212;docente;;;
22001458;1971;ALEJANDRO MIGUEL;BEVILACQUA;4011;FISICA II;212;docente;;;
22001458;1971;ALEJANDRO MIGUEL;BEVILACQUA;4055;FISICA I;203;docente;;;
22001458;1971;ALEJANDRO MIGUEL;BEVILACQUA;4060;FISICA II;203;docente;;;
22001458;1971;ALEJANDRO MIGUEL;BEVILACQUA;4123;FISICA I;207;docente;;;
22001458;1971;ALEJANDRO MIGUEL;BEVILACQUA;4135;FISICA II;207;docente;;;
22042450;4316;DIEGO HERNAN;FRANCISCO;3628;FISICA I;201;docente;;;
22042450;4316;DIEGO HERNAN;FRANCISCO;3684;FISICA I;202;docente;;;
22042450;4316;DIEGO HERNAN;FRANCISCO;3690;FISICA II;202;docente;;;
22042450;4316;DIEGO HERNAN;FRANCISCO;4007;FISICA I;212;docente;;;
22042450;4316;DIEGO HERNAN;FRANCISCO;4011;FISICA II;212;docente;;;
22042450;4316;DIEGO HERNAN;FRANCISCO;4055;FISICA I;203;docente;;;
22042450;4316;DIEGO HERNAN;FRANCISCO;4060;FISICA II;203;docente;;;
22042450;4316;DIEGO HERNAN;FRANCISCO;4123;FISICA I;207;docente;;;
22042450;4316;DIEGO HERNAN;FRANCISCO;4135;FISICA II;207;docente;;;
22110075;2845;HORACIO JORGE;PASCOLI;3697;TEORIA DE LOS CIRCUITOS I;202;docente;;;
22110075;2845;HORACIO JORGE;PASCOLI;3703;TEORIA DE CIRCUITOS II;202;docente;;;
22113672;2426;JORGE LUIS;CORREA;4075;ELECTROTECNIA Y MAQUINAS ELECTRICAS;203;docente;;;
22113672;2426;JORGE LUIS;CORREA;4150;INSTALACIONES ELECTRICAS Y ACUSTICAS;207;docente;;;
22235468;2494;PABLO ANDRES;GONZALEZ GALLI;3708;ELECTRONICA APLICADA I;202;docente;;;
22235468;2494;PABLO ANDRES;GONZALEZ GALLI;3714;ELECTRONICA APLICADA II;202;docente;;;
22276617;1968;DIEGO ADRIAN;FERNANDEZ;3643;REDES DE COMPUTADORAS;201;docente;;;
22285618;6250;DIEGO CESAR;LAMANNA;3634;FISICA II;201;docente;;;
22285634;2009;VIVIANA ALEJANDRA;LEDESMA;3637;ANALISIS DE SISTEMAS;201;docente;;;
22285634;2009;VIVIANA ALEJANDRA;LEDESMA;3642;PRINCIPIOS DE DISEÑO DE SISTEMAS;201;docente;;;
22360184;832;VERONICA NORMA;MAILHES;902;INGLES NIVEL II;201;docente;;;
22360184;832;VERONICA NORMA;MAILHES;902;INGLES NIVEL II;202;docente;;;
22360184;832;VERONICA NORMA;MAILHES;902;INGLES NIVEL II;203;docente;;;
22360184;832;VERONICA NORMA;MAILHES;902;INGLES NIVEL II;207;docente;;;
22360184;832;VERONICA NORMA;MAILHES;902;INGLES NIVEL II;211;docente;;;
22360184;832;VERONICA NORMA;MAILHES;902;INGLES NIVEL II;212;docente;;;
22360184;832;VERONICA NORMA;MAILHES;903;INGLES NIVEL III;201;docente;;;
22360184;832;VERONICA NORMA;MAILHES;903;INGLES NIVEL III;202;docente;;;
22360184;832;VERONICA NORMA;MAILHES;903;INGLES NIVEL III;203;docente;;;
22360184;832;VERONICA NORMA;MAILHES;903;INGLES NIVEL III;207;docente;;;
22360184;832;VERONICA NORMA;MAILHES;903;INGLES NIVEL III;211;docente;;;
22360184;832;VERONICA NORMA;MAILHES;903;INGLES NIVEL III;212;docente;;;
22494904;6694;MARINA VICTORIA;MUIÑO;3041;HIGIENE Y SEGURIDAD EN EL TRABAJO;211;docente;;;
22494904;6694;MARINA VICTORIA;MUIÑO;4071;HIGIENE, SEGURIDAD E INGENIERIA AMBIENTAL;203;docente;;;
22508881;2603;GUSTAVO ESTEBAN;CABRERA;3023;COSTOS INDUSTRIALES;211;docente;;;
22508881;2603;GUSTAVO ESTEBAN;CABRERA;4064;COSTOS INDUSTRIALES;203;docente;;;
22550524;6584;KARINA LAURA;MARTINEZ;3622;ANALISIS MATEMATICO I;201;docente;;;
22757261;2003;ADRIAN ERNESTO;KISIELEWSKY;3706;ELECTROMAGNETISMO;202;docente;;;
22757261;2003;ADRIAN ERNESTO;KISIELEWSKY;3713;MEDIOS DE ENLACE;202;docente;;;
22784302;3049;DIEGO JAVIER;ROMERO;3685;INTEGRACION TECNOLOGICA I;202;docente;;;
22784302;3049;DIEGO JAVIER;ROMERO;3693;ANALISIS MATEMATICO III;202;docente;;;
23273401;7412;PATRICIA MARIA DEL C;COLLADO;4130;GEOTOPOGRAFIA;207;docente;;;
23451545;6261;CARLOS HORACIO;SCALA;3026;ESTABILIDAD II;211;docente;;;
23451545;6261;CARLOS HORACIO;SCALA;3032;ELEMENTOS DE MAQUINAS;211;docente;;;
23477015;1890;PABLO ARIEL;ESPIÑEIRA;1248;HIDROLOGIA Y OBRAS HIDRAULICAS II;207;docente;;;
23477015;1890;PABLO ARIEL;ESPIÑEIRA;4156;HIDROLOGIA APLICADA;207;docente;;;
23477015;1890;PABLO ARIEL;ESPIÑEIRA;4161;OBRAS HIDRAULICAS;207;docente;;;
23477015;1890;PABLO ARIEL;ESPIÑEIRA;4180;MODELIZACION HIDRAULICA;207;docente;;;
23477355;2189;ALFREDO VLADIMIRO;AMATO;3625;SISTEMAS DE NUMERACION;201;docente;;;
23477355;2189;ALFREDO VLADIMIRO;AMATO;3683;FUNDAMENTOS DE QUIMICA;202;docente;;;
23511509;3096;CAROLINA FLORENCIA;SANCHEZ;1160;ETICA;204;docente;;;
23515046;4515;SEBASTIAN ANDRES;DE JESUS;3630;INTRODUCCION A LA GESTION DE REQUISITOS;201;docente;;;
23552727;7394;DANIEL NESTOR;CARRIZO;3663;LENGUAJES Y COMPILADORES;201;docente;;;
23568015;6032;MYRIAM VERONICA;SUCHECKI;904;INGLES NIVEL IV;201;docente;;;
23568015;6032;MYRIAM VERONICA;SUCHECKI;904;INGLES NIVEL IV;202;docente;;;
23568015;6032;MYRIAM VERONICA;SUCHECKI;904;INGLES NIVEL IV;203;docente;;;
23568015;6032;MYRIAM VERONICA;SUCHECKI;904;INGLES NIVEL IV;207;docente;;;
23568015;6032;MYRIAM VERONICA;SUCHECKI;904;INGLES NIVEL IV;211;docente;;;
23568015;6032;MYRIAM VERONICA;SUCHECKI;904;INGLES NIVEL IV;212;docente;;;
23568015;6032;MYRIAM VERONICA;SUCHECKI;2622;INGLES TECNICO I;206;docente;;;
23568015;6032;MYRIAM VERONICA;SUCHECKI;2627;INGLES TECNICO II;206;docente;;;
23568015;6032;MYRIAM VERONICA;SUCHECKI;2999;INGLES TECNICO I;210;docente;;;
23568015;6032;MYRIAM VERONICA;SUCHECKI;3003;INGLES TECNICO II;210;docente;;;
23594906;1896;FERNANDO ARIEL;LOMONACO TORRES;3642;PRINCIPIOS DE DISEÑO DE SISTEMAS;201;docente;;;
23594906;1896;FERNANDO ARIEL;LOMONACO TORRES;3653;ARQUITECTURA DE SISTEMAS SOFTWARE;201;docente;;;
23670446;4603;CLAUDIA BEATRIZ;ALFONSO;3691;SISTEMA DE REPRESENTACION;202;docente;;;
23770014;23770014;JUAN MARCELO;ABAL;2623;PROGRAMACION BASICA II;206;docente;;;
23770014;23770014;JUAN MARCELO;ABAL;2625;BASES DE DATOS I;206;docente;;;
23770014;23770014;JUAN MARCELO;ABAL;2629;DISEÑO DE APLICACIONES WEB;206;docente;;;
23770014;23770014;JUAN MARCELO;ABAL;3000;PROGRAMACION AVANZADA;210;docente;;;
23770014;23770014;JUAN MARCELO;ABAL;3005;DISEÑO DE APLICACIONES MOVILES;210;docente;;;
23782177;2232;MARCOS HORACIO;ARRUE;3625;SISTEMAS DE NUMERACION;201;docente;;;
23833059;2351;ROSA BEATRIZ;SANABRIA;3647;REQUISITOS AVANZADOS;201;docente;;;
23833059;2351;ROSA BEATRIZ;SANABRIA;3667;GESTION DE LA CALIDAD EN PROCESOS DE SISTEMAS;201;docente;;;
23839197;2019;NOEMI MABEL;MEDINA;3644;GESTION DE LAS ORGANIZACIONES;201;docente;;;
23839197;2019;NOEMI MABEL;MEDINA;4125;SISTEMAS GRAFICOS 2D Y 3D;207;docente;;;
23847754;2609;LEONARDO ADRIAN;CIPOLLA;4063;ORGANIZACION INDUSTRIAL I;203;docente;;;
23847754;2609;LEONARDO ADRIAN;CIPOLLA;4105;PRACTICA PROFESIONAL SUPERVISADA;203;docente;;;
23927714;2282;PABLO WITOLD;MARTINEZ;3640;ALGORITMOS Y ESTRUCTURAS DE DATOS;201;docente;;;
24028012;1898;NESTOR RAUL;MARIÑO;3685;INTEGRACION TECNOLOGICA I;202;docente;;;
24028012;1898;NESTOR RAUL;MARIÑO;3743;ROBOTICA;202;docente;;;
24030596;2445;MARTIN HERNAN;ZEBALLOS;3662;MATEMATICA APLICADA;201;docente;;;
24030596;2445;MARTIN HERNAN;ZEBALLOS;3678;TECNOLOGIAS EN SEGURIDAD;201;docente;;;
24092286;6221;JOSE ANTONIO;RUEDA;4139;MECANICA DE LOS MATERIALES I;207;docente;;;
24092286;6221;JOSE ANTONIO;RUEDA;4145;MECANICA DE LOS MATERIALES II;207;docente;;;
24092286;6221;JOSE ANTONIO;RUEDA;4185;INTRODUCCIÓN INGENIERÍA AEROPORTUARIA;207;docente;;;
24227734;1826;PAOLA GABRIELA;GHIGO;3635;TOPICOS DE PROGRAMACION;201;docente;;;
24228628;1912;PABLO HERNAN;POMAR;2636;SEGURIDAD Y CALIDAD EN APLICACION WEB;206;docente;;;
24228628;1912;PABLO HERNAN;POMAR;3013;CALIDAD EN APLICACIONES MOVILES;210;docente;;;
24228628;1912;PABLO HERNAN;POMAR;3630;INTRODUCCION A LA GESTION DE REQUISITOS;201;docente;;;
24228628;1912;PABLO HERNAN;POMAR;3650;SEGURIDAD DE LA INFORMACION;201;docente;;;
24243485;1907;HERNAN PABLO;VILLARREAL;3663;LENGUAJES Y COMPILADORES;201;docente;;;
24291278;1911;MARIANO HERNAN;D'ORTONA;2637;INTRODUCCION A LA ADMINISTRACION DE PROYECTOS;206;docente;;;
24291278;1911;MARIANO HERNAN;D'ORTONA;3014;METODOLOGIAS DE DESARROLLO DE APLICACIONES;210;docente;;;
24313363;2175;PEDRO ALEJANDRO;BASARA;4088;GESTION COMERCIAL;203;docente;;;
24343551;935;BARBARA ANDREA;KONICKI;901;INGLES NIVEL I;201;docente;;;
24343551;935;BARBARA ANDREA;KONICKI;901;INGLES NIVEL I;202;docente;;;
24343551;935;BARBARA ANDREA;KONICKI;901;INGLES NIVEL I;203;docente;;;
24343551;935;BARBARA ANDREA;KONICKI;901;INGLES NIVEL I;207;docente;;;
24343551;935;BARBARA ANDREA;KONICKI;901;INGLES NIVEL I;211;docente;;;
24343551;935;BARBARA ANDREA;KONICKI;901;INGLES NIVEL I;212;docente;;;
24343551;935;BARBARA ANDREA;KONICKI;902;INGLES NIVEL II;201;docente;;;
24343551;935;BARBARA ANDREA;KONICKI;902;INGLES NIVEL II;202;docente;;;
24343551;935;BARBARA ANDREA;KONICKI;902;INGLES NIVEL II;203;docente;;;
24343551;935;BARBARA ANDREA;KONICKI;902;INGLES NIVEL II;207;docente;;;
24343551;935;BARBARA ANDREA;KONICKI;902;INGLES NIVEL II;211;docente;;;
24343551;935;BARBARA ANDREA;KONICKI;902;INGLES NIVEL II;212;docente;;;
24422393;1921;DIEGO JAVIER;BRENGI;3685;INTEGRACION TECNOLOGICA I;202;docente;;;
24484615;4854;GASTON EMILIO;MARTI;3693;ANALISIS MATEMATICO III;202;docente;;;
24488635;3761;RUBEN DARIO;MOREIRA;2623;PROGRAMACION BASICA II;206;docente;;;
24488635;3761;RUBEN DARIO;MOREIRA;2629;DISEÑO DE APLICACIONES WEB;206;docente;;;
24488635;3761;RUBEN DARIO;MOREIRA;2631;TALLER WEB I;206;docente;;;
24488635;3761;RUBEN DARIO;MOREIRA;3000;PROGRAMACION AVANZADA;210;docente;;;
24488635;3761;RUBEN DARIO;MOREIRA;3005;DISEÑO DE APLICACIONES MOVILES;210;docente;;;
24665901;1963;ALEJANDRO MAXIMILIAN;DOWNAR;3655;AUDITORIA Y LEGISLACION;201;docente;;;
24665901;1963;ALEJANDRO MAXIMILIAN;DOWNAR;3678;TECNOLOGIAS EN SEGURIDAD;201;docente;;;
24665912;2031;JUAN PABLO;MIGHETTI;3637;ANALISIS DE SISTEMAS;201;docente;;;
24680810;1413;HERNAN;MAVROMMATIS;4079;GESTION DE LA INNOVACION Y EMPRENDEDORISMO;203;docente;;;
24680810;1413;HERNAN;MAVROMMATIS;4082;ESPACIO DE INTEGRACION TECNOLOGICA;203;docente;;;
24686609;2377;CLAUDIO ANDRES;FIGUEROLA;3665;GESTION APLICADA AL DESARROLLO DE SOFTWARE II;201;docente;;;
24782938;3995;MYRIAM CARINA;VAZQUEZ;1026;TECNOLOGIA INGENIERIA Y SOCIEDAD;201;docente;;;
24782938;3995;MYRIAM CARINA;VAZQUEZ;1026;TECNOLOGIA INGENIERIA Y SOCIEDAD;202;docente;;;
24782938;3995;MYRIAM CARINA;VAZQUEZ;1026;TECNOLOGIA INGENIERIA Y SOCIEDAD;203;docente;;;
24782938;3995;MYRIAM CARINA;VAZQUEZ;1026;TECNOLOGIA INGENIERIA Y SOCIEDAD;207;docente;;;
24782938;3995;MYRIAM CARINA;VAZQUEZ;1026;TECNOLOGIA INGENIERIA Y SOCIEDAD;211;docente;;;
24782938;3995;MYRIAM CARINA;VAZQUEZ;3676;RESPONSABILIDAD SOCIAL UNIVERSITARIA;201;docente;;;
24782938;3995;MYRIAM CARINA;VAZQUEZ;3686;TECNOLOGIA, INGENIERIA Y SOCIEDAD;202;docente;;;
24782938;3995;MYRIAM CARINA;VAZQUEZ;4057;INTRODUCCION AL EJERCICIO PROFESIONAL;203;docente;;;
24823410;1845;VERONICA RAQUEL;ICHAZO;3636;BASES DE DATOS;201;docente;;;
24867455;2510;FEDERICO ARIEL;BORGNIA REPETTO;3704;MEDIDAS ELECTRONICAS;202;docente;;;
24867455;2510;FEDERICO ARIEL;BORGNIA REPETTO;3710;INTEGRACION TECNOLOGICA III;202;docente;;;
24867455;2510;FEDERICO ARIEL;BORGNIA REPETTO;3721;ELECTRONICA APLICADA III;202;docente;;;
24922168;1976;ARIEL RODRIGO ROQUE;AURELIO;3732;COMUNICACIONES III;202;docente;;;
24933464;2336;FEDERICO MAXIMO;DUCATELLI;1145;CONCEPTOS RITMICOS;204;docente;;;
24933464;2336;FEDERICO MAXIMO;DUCATELLI;1149;ARMONIA;204;docente;;;
24933464;2336;FEDERICO MAXIMO;DUCATELLI;1150;APRECIACION MUSICAL;204;docente;;;
24933464;2336;FEDERICO MAXIMO;DUCATELLI;1167;TALLER DE MIDI;204;docente;;;
24933464;2336;FEDERICO MAXIMO;DUCATELLI;3685;INTEGRACION TECNOLOGICA I;202;docente;;;
24946771;7629;GASTON ARIEL;BUSALE;4080;ESTADISTICA APLICADA;203;docente;;;
24946771;7629;GASTON ARIEL;BUSALE;4106;SISTEMAS DE GESTION Y MEJORA CONTINUA;203;docente;;;
24962944;2081;EMILIO MARTIN;LA TORRE;3743;ROBOTICA;202;docente;;;
24984307;2117;ARIEL FERNANDO;PUGLIA;3704;MEDIDAS ELECTRONICAS;202;docente;;;
24984307;2117;ARIEL FERNANDO;PUGLIA;3710;INTEGRACION TECNOLOGICA III;202;docente;;;
24997396;2027;MARIANO LEONARDO;VOLKER;3658;PROGRAMACION CONCURRENTE;201;docente;;;
24997396;2027;MARIANO LEONARDO;VOLKER;3660;SISTEMAS OPERATIVOS AVANZADOS;201;docente;;;
25001947;2115;FERNANDO CÉSAR;YBARRA;3636;BASES DE DATOS;201;docente;;;
25047699;1945;IGNACIO JOSE;ZARADNIK;3716;TECNOLOGIA;202;docente;;;
25047699;1945;IGNACIO JOSE;ZARADNIK;3727;CONTROL II;202;docente;;;
25047699;1945;IGNACIO JOSE;ZARADNIK;3731;PROCESAMIENTO DIGITAL DE SEÑALES;202;docente;;;
25047699;1945;IGNACIO JOSE;ZARADNIK;3735;INTEGRACION TECNOLOGICA IV;202;docente;;;
25047699;1945;IGNACIO JOSE;ZARADNIK;3738;CONTROL AVANZADO;202;docente;;;
25094089;1928;ROBERTO MARIANO ARIEL;BUCHER;1024;ELEMENTOS DE PROGRAMACION;201;docente;;;
25094089;1928;ROBERTO MARIANO ARIEL;BUCHER;1024;ELEMENTOS DE PROGRAMACION;202;docente;;;
25094089;1928;ROBERTO MARIANO ARIEL;BUCHER;1024;ELEMENTOS DE PROGRAMACION;203;docente;;;
25094089;1928;ROBERTO MARIANO ARIEL;BUCHER;1024;ELEMENTOS DE PROGRAMACION;207;docente;;;
25094089;1928;ROBERTO MARIANO ARIEL;BUCHER;1024;ELEMENTOS DE PROGRAMACION;211;docente;;;
25094089;1928;ROBERTO MARIANO ARIEL;BUCHER;3626;PRINCIPIOS DE CALIDAD DE SOFTWARE;201;docente;;;
25094089;1928;ROBERTO MARIANO ARIEL;BUCHER;3680;TALLER DE INTEGRACION;201;docente;;;
25094163;2095;FERNANDO ROBERTO;MARSILLI;3723;PRACTICA PROFESIONAL SUPERVISADA;202;docente;;;
25094868;5724;NELIDA MABEL;AGÜERO;1035;FISICA II;201;docente;;;
25094868;5724;NELIDA MABEL;AGÜERO;1035;FISICA II;202;docente;;;
25094868;5724;NELIDA MABEL;AGÜERO;1035;FISICA II;203;docente;;;
25094868;5724;NELIDA MABEL;AGÜERO;1035;FISICA II;207;docente;;;
25094868;5724;NELIDA MABEL;AGÜERO;1035;FISICA II;211;docente;;;
25094868;5724;NELIDA MABEL;AGÜERO;3694;FISICA III;202;docente;;;
25094868;5724;NELIDA MABEL;AGÜERO;4068;FISICA III;203;docente;;;
25094868;5724;NELIDA MABEL;AGÜERO;4137;ELECTRICIDAD Y MAGNETISMO;207;docente;;;
25109134;5505;MARIA OFELIA;ROSAS;901;INGLES NIVEL I;201;docente;;;
25109134;5505;MARIA OFELIA;ROSAS;901;INGLES NIVEL I;202;docente;;;
25109134;5505;MARIA OFELIA;ROSAS;901;INGLES NIVEL I;203;docente;;;
25109134;5505;MARIA OFELIA;ROSAS;901;INGLES NIVEL I;207;docente;;;
25109134;5505;MARIA OFELIA;ROSAS;901;INGLES NIVEL I;211;docente;;;
25109134;5505;MARIA OFELIA;ROSAS;901;INGLES NIVEL I;212;docente;;;
25127140;2033;PABLO;SOLIGO;3635;TOPICOS DE PROGRAMACION;201;docente;;;
25127140;2033;PABLO;SOLIGO;3670;CIENCIA DE DATOS;201;docente;;;
25152946;4571;BERNARDO ARIEL;LOPEZ;3661;GESTION DE PROYECTOS;201;docente;;;
25239255;5415;CHRISTIAN LEONARDO;STAPLE;3621;MATEMATICA DISCRETA;201;docente;;;
25317833;2085;SEBASTIAN;ISMAEL;2638;TALLER PRACTICO INTEGRADOR;206;docente;;;
25317833;2085;SEBASTIAN;ISMAEL;3015;TRABAJO FINAL;210;docente;;;
25332191;1893;FERNANDO ARIEL;BOETTNER;3654;VIRTUALIZACION DE HARDWARE;201;docente;;;
25361850;2122;DARIO JAVIER;DI VITO;2621;MATEMATICA GENERAL;206;docente;;;
25361850;2122;DARIO JAVIER;DI VITO;4068;FISICA III;203;docente;;;
25374587;8882;MARCELA MABEL;TURCONI;2632;BASE DE DATOS II;206;docente;;;
25374587;8882;MARCELA MABEL;TURCONI;3009;GESTION DE DATOS;210;docente;;;
25385204;1815;CINTIA VERONICA;GIOIA;2638;TALLER PRACTICO INTEGRADOR;206;docente;;;
25385204;1815;CINTIA VERONICA;GIOIA;3015;TRABAJO FINAL;210;docente;;;
25385204;1815;CINTIA VERONICA;GIOIA;3650;SEGURIDAD DE LA INFORMACION;201;docente;;;
25385204;1815;CINTIA VERONICA;GIOIA;3666;SEGURIDAD APLICADA Y FORENSIA;201;docente;;;
25436849;4816;GISELA NANCY;DIAZ;3626;PRINCIPIOS DE CALIDAD DE SOFTWARE;201;docente;;;
25478758;4273;DIEGO HORACIO;TURCONI;2632;BASE DE DATOS II;206;docente;;;
25478758;4273;DIEGO HORACIO;TURCONI;3009;GESTION DE DATOS;210;docente;;;
25478758;4273;DIEGO HORACIO;TURCONI;3705;TECNICAS DIGITALES III;202;docente;;;
25478758;4273;DIEGO HORACIO;TURCONI;3712;TECNICAS DIGITALES IV;202;docente;;;
25544764;6512;PABLO JAVIER;HERRAN;3017;QUIMICA INDUSTRIAL;211;docente;;;
25544764;6512;PABLO JAVIER;HERRAN;3040;METROLOGIA Y GESTION DE LA CALIDAD;211;docente;;;
25544764;6512;PABLO JAVIER;HERRAN;4073;QUIMICA INDUSTRIAL;203;docente;;;
25544764;6512;PABLO JAVIER;HERRAN;4087;PROCESOS INDUSTRIALES I;203;docente;;;
25574127;2146;ARIEL MIGUEL;SERRA;3729;GESTION DE PROYECTOS;202;docente;;;
25574127;2146;ARIEL MIGUEL;SERRA;3739;PROYECTO INTEGRADOR;202;docente;;;
25578487;2370;GERARDO GERMÀN;GARCÌA;3685;INTEGRACION TECNOLOGICA I;202;docente;;;
25677661;2152;SERGIO HERNAN;FEDERICONI;3719;COMUNICACIONES I;202;docente;;;
25677661;2152;SERGIO HERNAN;FEDERICONI;3729;GESTION DE PROYECTOS;202;docente;;;
25677661;2152;SERGIO HERNAN;FEDERICONI;3739;PROYECTO INTEGRADOR;202;docente;;;
25692830;2359;AGUSTÌN JUÀN;LOHIGORRY;4004;FUNDAMENTOS DE LA TRANSICION ENERGETICA;212;docente;;;
25732328;4428;SANDRA LORENA;ALVAREZ;3627;ALGEBRA Y GEOMETRIA ANALITICA I;201;docente;;;
25743893;2046;RODRIGO JAVIER;GOMEZ;3698;INTEGRACION TECNOLOGICA II;202;docente;;;
25788662;;MARCOS ARIEL;ACEVEDO;3655;AUDITORIA Y LEGISLACION;201;docente;;;
25788662;;MARCOS ARIEL;ACEVEDO;3666;SEGURIDAD APLICADA Y FORENSIA;201;docente;;;
25859524;2443;MYRIAN ROXANA;RODRIGUEZ;1029;QUIMICA GENERAL;201;docente;;;
25859524;2443;MYRIAN ROXANA;RODRIGUEZ;1029;QUIMICA GENERAL;202;docente;;;
25859524;2443;MYRIAN ROXANA;RODRIGUEZ;1029;QUIMICA GENERAL;203;docente;;;
25859524;2443;MYRIAN ROXANA;RODRIGUEZ;1029;QUIMICA GENERAL;207;docente;;;
25859524;2443;MYRIAN ROXANA;RODRIGUEZ;1029;QUIMICA GENERAL;211;docente;;;
25859524;2443;MYRIAN ROXANA;RODRIGUEZ;4001;QUIMICA GENERAL;212;docente;;;
25859524;2443;MYRIAN ROXANA;RODRIGUEZ;4061;FUNDAMENTOS DE QUIMICA;203;docente;;;
25859524;2443;MYRIAN ROXANA;RODRIGUEZ;4126;FUNDAMENTOS DE QUIMICA;207;docente;;;
25867013;2342;JULIETA BEATRIZ;MATTEUCCI;3627;ALGEBRA Y GEOMETRIA ANALITICA I;201;docente;;;
25922687;4487;GABRIEL;JUAREZ;3030;METALURGIA FISICA I;211;docente;;;
25965244;4845;GABRIEL MARTIN;LUJAN;3691;SISTEMA DE REPRESENTACION;202;docente;;;
26117499;2408;ANALIA VANESA;MARIN;3648;DISEÑO DE SOFTWARE;201;docente;;;
26146261;2381;DEMIAN;LORENZATTI;1166;PROYECTO FINAL DE GRABACION;204;docente;;;
26165716;5688;GABRIEL EDGARDO;PANIK;2620;INFORMATICA GENERAL;206;docente;;;
26165716;5688;GABRIEL EDGARDO;PANIK;2624;PROGRAMACION WEB I;206;docente;;;
26165716;5688;GABRIEL EDGARDO;PANIK;2997;INFORMATICA GENERAL;210;docente;;;
26315930;5006;ANDRES GERARDO;BORGEAT;2619;PROGRAMACION BASICA I;206;docente;;;
26315930;5006;ANDRES GERARDO;BORGEAT;2623;PROGRAMACION BASICA II;206;docente;;;
26315930;5006;ANDRES GERARDO;BORGEAT;2631;TALLER WEB I;206;docente;;;
26315930;5006;ANDRES GERARDO;BORGEAT;2996;PROGRAMACION BASICA;210;docente;;;
26315930;5006;ANDRES GERARDO;BORGEAT;3000;PROGRAMACION AVANZADA;210;docente;;;
26348621;1873;ARIEL MARTIN;CLOCCHIATTI;3016;PROBABILIDAD ESTADISTICA;211;docente;;;
26348621;1873;ARIEL MARTIN;CLOCCHIATTI;3651;PROBABILIDAD Y ESTADISTICA;201;docente;;;
26348621;1873;ARIEL MARTIN;CLOCCHIATTI;3700;PROBABILIDAD ESTADISTICA;202;docente;;;
26348621;1873;ARIEL MARTIN;CLOCCHIATTI;4072;PROBABILIDAD Y ESTADISTICA;203;docente;;;
26348621;1873;ARIEL MARTIN;CLOCCHIATTI;4136;PROBABILIDAD Y ESTADISTICA;207;docente;;;
26363921;2125;ENRIQUE JAVIER;RODRIGUEZ;3682;ALGEBRA Y GEOMETRIA ANALITICA I;202;docente;;;
26363921;2125;ENRIQUE JAVIER;RODRIGUEZ;3688;ALGEBRA Y GEOMETRIA ANALITICA II;202;docente;;;
26363921;2125;ENRIQUE JAVIER;RODRIGUEZ;4002;ALGEBRA Y GEOMETRIA ANALITICA I;212;docente;;;
26363921;2125;ENRIQUE JAVIER;RODRIGUEZ;4054;ALGEBRA Y GEOMETRIA ANALITICA I;203;docente;;;
26491458;2132;MARIA DE LOS ANGELES;TRAPES;3624;INTRODUCCION A LOS SISTEMAS DE INFORMACION;201;docente;;;
26491458;2132;MARIA DE LOS ANGELES;TRAPES;3637;ANALISIS DE SISTEMAS;201;docente;;;
26498209;2153;FLAVIO PATRICIO;SPECIALE;3726;COMUNICACIONES II;202;docente;;;
26537647;7033;LEANDRA MICAELA;ANTELO;3623;PROGRAMACION INICIAL;201;docente;;;
26537647;7033;LEANDRA MICAELA;ANTELO;3629;PROGRAMACION ESTRUCTURADA BASICA;201;docente;;;
26562390;2496;ALEJANDRO MARTIN;RAMOS;2637;INTRODUCCION A LA ADMINISTRACION DE PROYECTOS;206;docente;;;
26562390;2496;ALEJANDRO MARTIN;RAMOS;3014;METODOLOGIAS DE DESARROLLO DE APLICACIONES;210;docente;;;
26620782;2253;MARCELO JUAN;CARDILLO;3692;TECNICAS DIGITALES I;202;docente;;;
26733659;2976;ARIEL ALEJANDRO;TABOADA;2621;MATEMATICA GENERAL;206;docente;;;
26733659;2976;ARIEL ALEJANDRO;TABOADA;2998;MATEMATICA GENERAL;210;docente;;;
26735529;2318;FERNANDO GUSTAVO;RAMOS;3695;TECNICAS DIGITALES II;202;docente;;;
26735529;2318;FERNANDO GUSTAVO;RAMOS;3733;AUTOMATIZACION INDUSTRIAL;202;docente;;;
26762367;3538;LILIANA SOLEDAD;ROMANO;2621;MATEMATICA GENERAL;206;docente;;;
26762367;3538;LILIANA SOLEDAD;ROMANO;2998;MATEMATICA GENERAL;210;docente;;;
26816546;2093;RAMIRO;DE LIZARRALDE;3649;SISTEMAS OPERATIVOS;201;docente;;;
26816546;2093;RAMIRO;DE LIZARRALDE;3654;VIRTUALIZACION DE HARDWARE;201;docente;;;
26849323;8630;MAXIMILIANO GABRIEL;FRATTINI;3643;REDES DE COMPUTADORAS;201;docente;;;
26882889;4334;ADRIAN;GOMEZ;3021;FISICA III;211;docente;;;
26933249;5960;LUCAS MARTIN;LOPEZ;3633;ANALISIS MATEMATICO II;201;docente;;;
26933249;5960;LUCAS MARTIN;LOPEZ;3681;ANALISIS MATEMATICO I;202;docente;;;
26933249;5960;LUCAS MARTIN;LOPEZ;4122;ANALISIS MATEMATICO I;207;docente;;;
26942565;2130;ROSANA VERONICA;NASSIPIAN;3691;SISTEMA DE REPRESENTACION;202;docente;;;
26942565;2130;ROSANA VERONICA;NASSIPIAN;3692;TECNICAS DIGITALES I;202;docente;;;
26942565;2130;ROSANA VERONICA;NASSIPIAN;3721;ELECTRONICA APLICADA III;202;docente;;;
27011457;2385;LEONARDO;CARVI;1154;TECNICAS DE GRABACION II;204;docente;;;
27011457;2385;LEONARDO;CARVI;1159;TECNICAS DE MEZCLA;204;docente;;;
27071475;2204;ARIEL ALEJANDRO;CACHO MENDOZA;3635;TOPICOS DE PROGRAMACION;201;docente;;;
27170321;2228;PABLO MARTIN;VERA;3629;PROGRAMACION ESTRUCTURADA BASICA;201;docente;;;
27178618;2329;FERNANDO JAVIER;DUFOUR;3737;COMUNICACIONES AVANZADAS;202;docente;;;
27204102;7028;CYNTHIA KARINA;VAZQUEZ;3002;BASE DE DATOS;210;docente;;;
27204102;7028;CYNTHIA KARINA;VAZQUEZ;3676;RESPONSABILIDAD SOCIAL UNIVERSITARIA;201;docente;;;
27216536;6059;SILVANA LORENA;PADOVANO;3632;INTRODUCCION A LOS PROYECTOS INFORMATICOS;201;docente;;;
27226410;2124;ANA CAROLINA;PICHEL;3628;FISICA I;201;docente;;;
27226410;2124;ANA CAROLINA;PICHEL;3684;FISICA I;202;docente;;;
27226410;2124;ANA CAROLINA;PICHEL;4007;FISICA I;212;docente;;;
27226410;2124;ANA CAROLINA;PICHEL;4055;FISICA I;203;docente;;;
27226410;2124;ANA CAROLINA;PICHEL;4123;FISICA I;207;docente;;;
27283004;4534;HECTOR OMAR;SOSA;2628;PROGRAMACION WEB II;206;docente;;;
27312840;2577;MÁXIMO FACUNDO;PALOMO;3658;PROGRAMACION CONCURRENTE;201;docente;;;
27312840;2577;MÁXIMO FACUNDO;PALOMO;4091;SISTEMAS INFORMATICOS DE GESTION;203;docente;;;
27312840;2577;MÁXIMO FACUNDO;PALOMO;4096;INDUSTRIAS DE SERVICIOS;203;docente;;;
27312840;2577;MÁXIMO FACUNDO;PALOMO;4108;INTELIGENCIA INDUSTRIAL;203;docente;;;
27312840;2577;MÁXIMO FACUNDO;PALOMO;4186;INTRODUCCIÓN AL ANÁLISIS DE DATOS;207;docente;;;
27326293;1972;NATALIA VERONICA;CRESPO;3636;BASES DE DATOS;201;docente;;;
27398742;8163;LEONEL GONZALO;LARRETA;3004;PROGRAMACION MOVIL II;210;docente;;;
27398742;8163;LEONEL GONZALO;LARRETA;3010;PROGRAMACION MOVIL III;210;docente;;;
27480269;4207;HERNAN GABRIEL;LANZILLOTTA;3624;INTRODUCCION A LOS SISTEMAS DE INFORMACION;201;docente;;;
27480269;4207;HERNAN GABRIEL;LANZILLOTTA;3629;PROGRAMACION ESTRUCTURADA BASICA;201;docente;;;
27480269;4207;HERNAN GABRIEL;LANZILLOTTA;3646;PARADIGMAS DE PROGRAMACION;201;docente;;;
27624999;1959;ROCIO ANDREA;RODRIGUEZ;3625;SISTEMAS DE NUMERACION;201;docente;;;
27624999;1959;ROCIO ANDREA;RODRIGUEZ;3657;AUTOMATAS Y GRAMATICAS;201;docente;;;
27692842;2007;MARCOS ANDRES;GUARDIA;3639;ANALISIS MATEMATICO III;201;docente;;;
27692842;2007;MARCOS ANDRES;GUARDIA;4065;ANALISIS MATEMATICO III;203;docente;;;
27692842;2007;MARCOS ANDRES;GUARDIA;4132;ANALISIS MATEMATICO III;207;docente;;;
27704339;4445;ADRIAN EZEQUIEL;MARTINEZ;3696;ELECTRONICA I;202;docente;;;
27704339;4445;ADRIAN EZEQUIEL;MARTINEZ;3735;INTEGRACION TECNOLOGICA IV;202;docente;;;
27712174;2539;JUAN MANUEL;MONTEAGUDO;2619;PROGRAMACION BASICA I;206;docente;;;
27712174;2539;JUAN MANUEL;MONTEAGUDO;2623;PROGRAMACION BASICA II;206;docente;;;
27712174;2539;JUAN MANUEL;MONTEAGUDO;2996;PROGRAMACION BASICA;210;docente;;;
27712174;2539;JUAN MANUEL;MONTEAGUDO;3000;PROGRAMACION AVANZADA;210;docente;;;
27728268;4270;MARTIN;ECHENBAUM;1026;TECNOLOGIA INGENIERIA Y SOCIEDAD;201;docente;;;
27728268;4270;MARTIN;ECHENBAUM;1026;TECNOLOGIA INGENIERIA Y SOCIEDAD;202;docente;;;
27728268;4270;MARTIN;ECHENBAUM;1026;TECNOLOGIA INGENIERIA Y SOCIEDAD;203;docente;;;
27728268;4270;MARTIN;ECHENBAUM;1026;TECNOLOGIA INGENIERIA Y SOCIEDAD;207;docente;;;
27728268;4270;MARTIN;ECHENBAUM;1026;TECNOLOGIA INGENIERIA Y SOCIEDAD;211;docente;;;
27728268;4270;MARTIN;ECHENBAUM;3676;RESPONSABILIDAD SOCIAL UNIVERSITARIA;201;docente;;;
27728268;4270;MARTIN;ECHENBAUM;3686;TECNOLOGIA, INGENIERIA Y SOCIEDAD;202;docente;;;
27728268;4270;MARTIN;ECHENBAUM;3724;RESPONSABILIDAD SOCIAL UNIVERSITARIA;202;docente;;;
27728268;4270;MARTIN;ECHENBAUM;4057;INTRODUCCION AL EJERCICIO PROFESIONAL;203;docente;;;
27728268;4270;MARTIN;ECHENBAUM;4097;RESPONSABILIDAD SOCIAL UNIVERSITARIA;203;docente;;;
27728268;4270;MARTIN;ECHENBAUM;4142;RESPONSABILIDAD SOCIAL UNIVERSITARIA;207;docente;;;
28080110;5703;CARLOS JAVIER;BARRAZA;2624;PROGRAMACION WEB I;206;docente;;;
28229160;2658;HERNAN EZEQUIEL;QUIROGA ALBA;3621;MATEMATICA DISCRETA;201;docente;;;
28234013;2952;OMAR HORACIO;PADOVANO;2626;INTRODUCCION AL DISEÑO GRAFICO EN LA WEB;206;docente;;;
28281678;1997;JAIR EZEQUIEL;HNATIUK;3631;FUNDAMENTOS DE SISTEMAS EMBEBIDOS;201;docente;;;
28281678;1997;JAIR EZEQUIEL;HNATIUK;3638;ARQUITECTURA DE COMPUTADORAS;201;docente;;;
28281678;1997;JAIR EZEQUIEL;HNATIUK;3641;BASES DE DATOS APLICADAS;201;docente;;;
28321300;6486;CARLOS MAXIMILIANO;SENDRA;3628;FISICA I;201;docente;;;
28321300;6486;CARLOS MAXIMILIANO;SENDRA;3684;FISICA I;202;docente;;;
28321300;6486;CARLOS MAXIMILIANO;SENDRA;3690;FISICA II;202;docente;;;
28321300;6486;CARLOS MAXIMILIANO;SENDRA;4007;FISICA I;212;docente;;;
28321300;6486;CARLOS MAXIMILIANO;SENDRA;4011;FISICA II;212;docente;;;
28321300;6486;CARLOS MAXIMILIANO;SENDRA;4055;FISICA I;203;docente;;;
28321300;6486;CARLOS MAXIMILIANO;SENDRA;4060;FISICA II;203;docente;;;
28321300;6486;CARLOS MAXIMILIANO;SENDRA;4123;FISICA I;207;docente;;;
28321300;6486;CARLOS MAXIMILIANO;SENDRA;4135;FISICA II;207;docente;;;
28321440;2882;NADIA;SUELVES;3681;ANALISIS MATEMATICO I;202;docente;;;
28321440;2882;NADIA;SUELVES;3687;ANALISIS MATEMATICO II;202;docente;;;
28321440;2882;NADIA;SUELVES;4000;ANALISIS MATEMATICO I;212;docente;;;
28321440;2882;NADIA;SUELVES;4052;ANALISIS MATEMATICO I;203;docente;;;
28321440;2882;NADIA;SUELVES;4059;ANALISIS MATEMATICO II;203;docente;;;
28321440;2882;NADIA;SUELVES;4128;ANALISIS MATEMATICO II;207;docente;;;
28380584;4369;MARIA INES;BERTIN;3647;REQUISITOS AVANZADOS;201;docente;;;
28380584;4369;MARIA INES;BERTIN;3667;GESTION DE LA CALIDAD EN PROCESOS DE SISTEMAS;201;docente;;;
28473580;2755;SABRINA GABRIELA;GOMEZ;1030;FUNDAMENTOS DE TIC'S;201;docente;;;
28473580;2755;SABRINA GABRIELA;GOMEZ;1030;FUNDAMENTOS DE TIC'S;202;docente;;;
28473580;2755;SABRINA GABRIELA;GOMEZ;1030;FUNDAMENTOS DE TIC'S;203;docente;;;
28473580;2755;SABRINA GABRIELA;GOMEZ;1030;FUNDAMENTOS DE TIC'S;207;docente;;;
28473580;2755;SABRINA GABRIELA;GOMEZ;1030;FUNDAMENTOS DE TIC'S;211;docente;;;
28473580;2755;SABRINA GABRIELA;GOMEZ;3625;SISTEMAS DE NUMERACION;201;docente;;;
28473580;2755;SABRINA GABRIELA;GOMEZ;4053;INFRAESTRUCTURA TECNOLOGICA;203;docente;;;
28504918;3336;FEDERICO JOSE;LOIACONO MENDEZ;3649;SISTEMAS OPERATIVOS;201;docente;;;
28505740;2574;MARIANO;JUIZ;2633;PROGRAMACION WEB III;206;docente;;;
28507754;7411;CESAR A;CONEJEROS VALENZUELA;1030;FUNDAMENTOS DE TIC'S;201;docente;;;
28507754;7411;CESAR A;CONEJEROS VALENZUELA;1030;FUNDAMENTOS DE TIC'S;202;docente;;;
28507754;7411;CESAR A;CONEJEROS VALENZUELA;1030;FUNDAMENTOS DE TIC'S;203;docente;;;
28507754;7411;CESAR A;CONEJEROS VALENZUELA;1030;FUNDAMENTOS DE TIC'S;207;docente;;;
28507754;7411;CESAR A;CONEJEROS VALENZUELA;1030;FUNDAMENTOS DE TIC'S;211;docente;;;
28507754;7411;CESAR A;CONEJEROS VALENZUELA;3625;SISTEMAS DE NUMERACION;201;docente;;;
28507754;7411;CESAR A;CONEJEROS VALENZUELA;4053;INFRAESTRUCTURA TECNOLOGICA;203;docente;;;
28508375;2386;MATIAS SEBASTIAN;MOREIRA;1143;ACUSTICA FISICA;204;docente;;;
28508375;2386;MATIAS SEBASTIAN;MOREIRA;1146;ACUSTICA APLICADA;204;docente;;;
28508375;2386;MATIAS SEBASTIAN;MOREIRA;1152;INTRODUCCION AL RUIDO;204;docente;;;
28508375;2386;MATIAS SEBASTIAN;MOREIRA;1157;ACUSTICA ARQUITECTONICA;204;docente;;;
28508375;2386;MATIAS SEBASTIAN;MOREIRA;1158;FUENTES DE RUIDO;204;docente;;;
28508375;2386;MATIAS SEBASTIAN;MOREIRA;1164;PROYECTO FINAL DE ACUSTICA ARQUITECTONICA;204;docente;;;
28508375;2386;MATIAS SEBASTIAN;MOREIRA;1165;MAPAS DE RUIDO. PARAMETROS;204;docente;;;
28596534;2419;LORENA MABEL;SOTELO;3629;PROGRAMACION ESTRUCTURADA BASICA;201;docente;;;
28596873;6265;FERNANDO HUMBERTO;PAKER;3680;TALLER DE INTEGRACION;201;docente;;;
28609511;2264;NICOLAS;MOLINA   VUISTAZ;3706;ELECTROMAGNETISMO;202;docente;;;
28609511;2264;NICOLAS;MOLINA   VUISTAZ;3713;MEDIOS DE ENLACE;202;docente;;;
28953851;2109;NESTOR ARIEL;PAN;3635;TOPICOS DE PROGRAMACION;201;docente;;;
28971007;4424;FERNANDO DIEGO;GARCIA;1032;ALGEBRA Y GEOMETRIA ANALITICA II;201;docente;;;
28971007;4424;FERNANDO DIEGO;GARCIA;1032;ALGEBRA Y GEOMETRIA ANALITICA II;202;docente;;;
28971007;4424;FERNANDO DIEGO;GARCIA;1032;ALGEBRA Y GEOMETRIA ANALITICA II;203;docente;;;
28971007;4424;FERNANDO DIEGO;GARCIA;1032;ALGEBRA Y GEOMETRIA ANALITICA II;207;docente;;;
28971007;4424;FERNANDO DIEGO;GARCIA;1032;ALGEBRA Y GEOMETRIA ANALITICA II;211;docente;;;
28971007;4424;FERNANDO DIEGO;GARCIA;3645;ALGEBRA Y GEOMETRIA ANALITICA II;201;docente;;;
28971007;4424;FERNANDO DIEGO;GARCIA;4012;ALGEBRA Y GEOMETRIA ANALITICA II;212;docente;;;
28971007;4424;FERNANDO DIEGO;GARCIA;4062;ALGEBRA Y GEOMETRIA ANALITICA II;203;docente;;;
28971007;4424;FERNANDO DIEGO;GARCIA;4127;ALGEBRA Y GEOMETRIA ANALITICA II;207;docente;;;
29002868;2536;WALTER RAUL;URETA;2636;SEGURIDAD Y CALIDAD EN APLICACION WEB;206;docente;;;
29002868;2536;WALTER RAUL;URETA;3013;CALIDAD EN APLICACIONES MOVILES;210;docente;;;
29022198;2890;VALERIA MÓNICA;DE ROSA;3648;DISEÑO DE SOFTWARE;201;docente;;;
29051013;8252;LEONARDO DANIEL;MEDINA FRETES;4070;TECNOLOGIA DE MATERIALES Y PROCESOS I;203;docente;;;
29051013;8252;LEONARDO DANIEL;MEDINA FRETES;4078;TECNOLOGIA DE MATERIALES Y PROCESOS II;203;docente;;;
29051013;8252;LEONARDO DANIEL;MEDINA FRETES;4093;ELEMENTOS DE MAQUINAS Y MECANISMOS;203;docente;;;
29053744;2094;ROMINA HILDA;ROMANO;3622;ANALISIS MATEMATICO I;201;docente;;;
29053744;2094;ROMINA HILDA;ROMANO;3633;ANALISIS MATEMATICO II;201;docente;;;
29053744;2094;ROMINA HILDA;ROMANO;3681;ANALISIS MATEMATICO I;202;docente;;;
29075870;2016;MAXIMILIANO LUIS;ROMERO;4074;GESTION DE OPERACIONES I;203;docente;;;
29075870;2016;MAXIMILIANO LUIS;ROMERO;4090;FINANZAS DE LA EMPRESA;203;docente;;;
29118650;1982;LUIS ALFONSO;PALOMARES;3636;BASES DE DATOS;201;docente;;;
29118650;1982;LUIS ALFONSO;PALOMARES;3642;PRINCIPIOS DE DISEÑO DE SISTEMAS;201;docente;;;
29246276;2083;EDGARDO ALBERTO;GHO;3631;FUNDAMENTOS DE SISTEMAS EMBEBIDOS;201;docente;;;
29246276;2083;EDGARDO ALBERTO;GHO;3718;LENGUAJES DESCRIPTIVOS DE HARDWARE;202;docente;;;
29246276;2083;EDGARDO ALBERTO;GHO;3725;SISTEMAS OPERATIVOS EN TIEMPO REAL;202;docente;;;
29250350;4313;GUSTAVO ARIEL;MICIELI;3737;COMUNICACIONES AVANZADAS;202;docente;;;
29331209;2471;JAVIER FERNANDO;DA COSTA;2620;INFORMATICA GENERAL;206;docente;;;
29331209;2471;JAVIER FERNANDO;DA COSTA;2626;INTRODUCCION AL DISEÑO GRAFICO EN LA WEB;206;docente;;;
29331209;2471;JAVIER FERNANDO;DA COSTA;2638;TALLER PRACTICO INTEGRADOR;206;docente;;;
29331209;2471;JAVIER FERNANDO;DA COSTA;2997;INFORMATICA GENERAL;210;docente;;;
29331209;2471;JAVIER FERNANDO;DA COSTA;3015;TRABAJO FINAL;210;docente;;;
29383491;2372;DARIO RAFAEL;HIRSCHFELDT;3635;TOPICOS DE PROGRAMACION;201;docente;;;
29383491;2372;DARIO RAFAEL;HIRSCHFELDT;3658;PROGRAMACION CONCURRENTE;201;docente;;;
29480461;4680;MARTIN MAXIMILIANO;BELLA;1279;INGENIERIA SANITARIA;207;docente;;;
29480461;4680;MARTIN MAXIMILIANO;BELLA;4168;INGENIERIA SANITARIA;207;docente;;;
29655308;2514;NAHUEL MAURICIO;MARTORELLI;1161;TECNICAS DE OPERACION;204;docente;;;
29655308;2514;NAHUEL MAURICIO;MARTORELLI;1163;REFUERZO DE SONIDO;204;docente;;;
29689800;5986;ELIAS EZEQUIEL;LOBATTO;1028;MATEMATICA DISCRETA;201;docente;;;
29689800;5986;ELIAS EZEQUIEL;LOBATTO;1028;MATEMATICA DISCRETA;202;docente;;;
29689800;5986;ELIAS EZEQUIEL;LOBATTO;1028;MATEMATICA DISCRETA;203;docente;;;
29689800;5986;ELIAS EZEQUIEL;LOBATTO;1028;MATEMATICA DISCRETA;207;docente;;;
29689800;5986;ELIAS EZEQUIEL;LOBATTO;1028;MATEMATICA DISCRETA;211;docente;;;
29689800;5986;ELIAS EZEQUIEL;LOBATTO;3621;MATEMATICA DISCRETA;201;docente;;;
29696633;;SABRINA LORENA;BENITEZ;2619;PROGRAMACION BASICA I;206;docente;;;
29696633;;SABRINA LORENA;BENITEZ;2623;PROGRAMACION BASICA II;206;docente;;;
29696633;;SABRINA LORENA;BENITEZ;2996;PROGRAMACION BASICA;210;docente;;;
29696633;;SABRINA LORENA;BENITEZ;3000;PROGRAMACION AVANZADA;210;docente;;;
29698686;2948;HELIANA KAREN;VERA;2630;VISUALIZACION E INTERFACES;206;docente;;;
29698686;2948;HELIANA KAREN;VERA;3006;DESARROLLO DE INTERFACES;210;docente;;;
29900742;2089;JUAN;CARUCCI;4076;TERMODINAMICA;203;docente;;;
29900742;2089;JUAN;CARUCCI;4083;MAQUINAS TERMICAS;203;docente;;;
29941591;8109;FLORENCIA;MARTIN;2631;TALLER WEB I;206;docente;;;
29953286;2168;GABRIEL;MONZON;1032;ALGEBRA Y GEOMETRIA ANALITICA II;201;docente;;;
29953286;2168;GABRIEL;MONZON;1032;ALGEBRA Y GEOMETRIA ANALITICA II;202;docente;;;
29953286;2168;GABRIEL;MONZON;1032;ALGEBRA Y GEOMETRIA ANALITICA II;203;docente;;;
29953286;2168;GABRIEL;MONZON;1032;ALGEBRA Y GEOMETRIA ANALITICA II;207;docente;;;
29953286;2168;GABRIEL;MONZON;1032;ALGEBRA Y GEOMETRIA ANALITICA II;211;docente;;;
29953286;2168;GABRIEL;MONZON;4012;ALGEBRA Y GEOMETRIA ANALITICA II;212;docente;;;
29953286;2168;GABRIEL;MONZON;4062;ALGEBRA Y GEOMETRIA ANALITICA II;203;docente;;;
30053351;2090;MATIAS;LOPEZ;3636;BASES DE DATOS;201;docente;;;
30067251;7622;NICOLAS ANDRES;DEGIOVANNI;4158;DISEÑO ARQUITECTONICO, PLANEAMIENTO Y URBANISMO;207;docente;;;
30084147;4413;MATIAS ROBERTO;DELLAGNOLO;3021;FISICA III;211;docente;;;
30084147;4413;MATIAS ROBERTO;DELLAGNOLO;3717;FISICA IV;202;docente;;;
30135556;5975;LUIS ALBERTO;FERNANDEZ;901;INGLES NIVEL I;201;docente;;;
30135556;5975;LUIS ALBERTO;FERNANDEZ;901;INGLES NIVEL I;202;docente;;;
30135556;5975;LUIS ALBERTO;FERNANDEZ;901;INGLES NIVEL I;203;docente;;;
30135556;5975;LUIS ALBERTO;FERNANDEZ;901;INGLES NIVEL I;207;docente;;;
30135556;5975;LUIS ALBERTO;FERNANDEZ;901;INGLES NIVEL I;211;docente;;;
30135556;5975;LUIS ALBERTO;FERNANDEZ;901;INGLES NIVEL I;212;docente;;;
30135556;5975;LUIS ALBERTO;FERNANDEZ;904;INGLES NIVEL IV;201;docente;;;
30135556;5975;LUIS ALBERTO;FERNANDEZ;904;INGLES NIVEL IV;202;docente;;;
30135556;5975;LUIS ALBERTO;FERNANDEZ;904;INGLES NIVEL IV;203;docente;;;
30135556;5975;LUIS ALBERTO;FERNANDEZ;904;INGLES NIVEL IV;207;docente;;;
30135556;5975;LUIS ALBERTO;FERNANDEZ;904;INGLES NIVEL IV;211;docente;;;
30135556;5975;LUIS ALBERTO;FERNANDEZ;904;INGLES NIVEL IV;212;docente;;;
30308534;2021;JAVIER MARTIN;SLAWISKI;3716;TECNOLOGIA;202;docente;;;
30308534;2021;JAVIER MARTIN;SLAWISKI;3734;ELECTRONICA DE POTENCIA;202;docente;;;
30333327;2971;ESTEBAN ANDRES;CARNUCCIO;3658;PROGRAMACION CONCURRENTE;201;docente;;;
30333327;2971;ESTEBAN ANDRES;CARNUCCIO;3660;SISTEMAS OPERATIVOS AVANZADOS;201;docente;;;
30337251;2313;VICTOR MANUEL;FERNANDEZ;3625;SISTEMAS DE NUMERACION;201;docente;;;
30337251;2313;VICTOR MANUEL;FERNANDEZ;3629;PROGRAMACION ESTRUCTURADA BASICA;201;docente;;;
30337251;2313;VICTOR MANUEL;FERNANDEZ;3646;PARADIGMAS DE PROGRAMACION;201;docente;;;
30337251;2313;VICTOR MANUEL;FERNANDEZ;4067;ELEMENTOS DE PROGRAMACION;203;docente;;;
30350669;2424;DAMIAN ALBERTO;AURELIO;3698;INTEGRACION TECNOLOGICA II;202;docente;;;
30401272;6208;GUSTAVO HERNAN;SAGARNA;3705;TECNICAS DIGITALES III;202;docente;;;
30401272;6208;GUSTAVO HERNAN;SAGARNA;3712;TECNICAS DIGITALES IV;202;docente;;;
30407786;2087;IGNACIO ANDRES;LOPEZ VERGARA;4069;MATERIALES INDUSTRIALES;203;docente;;;
30407786;2087;IGNACIO ANDRES;LOPEZ VERGARA;4077;ORGANIZACION INDUSTRIAL II;203;docente;;;
30407786;2087;IGNACIO ANDRES;LOPEZ VERGARA;4095;PROCESOS INDUSTRIALES II;203;docente;;;
30436636;2341;ANABELLA GRACIELA;CONCA;3625;SISTEMAS DE NUMERACION;201;docente;;;
30447421;2444;MAURO HERNAN RICARDO;VIDAL;4087;PROCESOS INDUSTRIALES I;203;docente;;;
30594992;4174;JUAN ANTONIO DAMIAN;CORAPI;3042;INSTALACIONES INDUSTRIALES;211;docente;;;
30594992;4174;JUAN ANTONIO DAMIAN;CORAPI;4101;INSTALACIONES INDUSTRIALES;203;docente;;;
30594992;4174;JUAN ANTONIO DAMIAN;CORAPI;4133;EVALUACION DE PROYECTO Y TASACIONES;207;docente;;;
30654128;2516;SILVANA MARIELA;GLASSMAN;3627;ALGEBRA Y GEOMETRIA ANALITICA I;201;docente;;;
30654128;2516;SILVANA MARIELA;GLASSMAN;3682;ALGEBRA Y GEOMETRIA ANALITICA I;202;docente;;;
30654128;2516;SILVANA MARIELA;GLASSMAN;4002;ALGEBRA Y GEOMETRIA ANALITICA I;212;docente;;;
30654128;2516;SILVANA MARIELA;GLASSMAN;4121;ALGEBRA Y GEOMETRIA ANALITICA I;207;docente;;;
30731947;3993;MATIAS GASTON;QUEREL;3659;GESTION APLICADA AL DESARROLLO DE SOFTWARE I;201;docente;;;
30774357;2670;DIEGO ALEJANDRO;MACHADO;901;INGLES NIVEL I;201;docente;;;
30774357;2670;DIEGO ALEJANDRO;MACHADO;901;INGLES NIVEL I;202;docente;;;
30774357;2670;DIEGO ALEJANDRO;MACHADO;901;INGLES NIVEL I;203;docente;;;
30774357;2670;DIEGO ALEJANDRO;MACHADO;901;INGLES NIVEL I;207;docente;;;
30774357;2670;DIEGO ALEJANDRO;MACHADO;901;INGLES NIVEL I;211;docente;;;
30774357;2670;DIEGO ALEJANDRO;MACHADO;901;INGLES NIVEL I;212;docente;;;
30774357;2670;DIEGO ALEJANDRO;MACHADO;904;INGLES NIVEL IV;201;docente;;;
30774357;2670;DIEGO ALEJANDRO;MACHADO;904;INGLES NIVEL IV;202;docente;;;
30774357;2670;DIEGO ALEJANDRO;MACHADO;904;INGLES NIVEL IV;203;docente;;;
30774357;2670;DIEGO ALEJANDRO;MACHADO;904;INGLES NIVEL IV;207;docente;;;
30774357;2670;DIEGO ALEJANDRO;MACHADO;904;INGLES NIVEL IV;211;docente;;;
30774357;2670;DIEGO ALEJANDRO;MACHADO;904;INGLES NIVEL IV;212;docente;;;
30774357;2670;DIEGO ALEJANDRO;MACHADO;2627;INGLES TECNICO II;206;docente;;;
30774357;2670;DIEGO ALEJANDRO;MACHADO;3003;INGLES TECNICO II;210;docente;;;
30850773;4269;ANDRES MATIAS;SABATER;1147;LABORATORIO DE ELECTRONICA;204;docente;;;
30944064;4254;MAURO NICOLAS;POULAIN;4099;AUTOMATIZACION INDUSTRIAL;203;docente;;;
30980458;4843;MARCELA VERONICA;REALE;3622;ANALISIS MATEMATICO I;201;docente;;;
30980458;4843;MARCELA VERONICA;REALE;3633;ANALISIS MATEMATICO II;201;docente;;;
30993057;2367;SERGIO;DEFUSTO;3016;PROBABILIDAD ESTADISTICA;211;docente;;;
30993057;2367;SERGIO;DEFUSTO;3651;PROBABILIDAD Y ESTADISTICA;201;docente;;;
30993057;2367;SERGIO;DEFUSTO;3700;PROBABILIDAD ESTADISTICA;202;docente;;;
30993057;2367;SERGIO;DEFUSTO;4072;PROBABILIDAD Y ESTADISTICA;203;docente;;;
30993057;2367;SERGIO;DEFUSTO;4136;PROBABILIDAD Y ESTADISTICA;207;docente;;;
31089477;2441;RICARDO ARIEL;BLUMENKRANZ;1161;TECNICAS DE OPERACION;204;docente;;;
31089477;2441;RICARDO ARIEL;BLUMENKRANZ;1163;REFUERZO DE SONIDO;204;docente;;;
31165330;4128;SEBASTIAN MATIAS;RODRIGUEZ;4082;ESPACIO DE INTEGRACION TECNOLOGICA;203;docente;;;
31165330;4128;SEBASTIAN MATIAS;RODRIGUEZ;4105;PRACTICA PROFESIONAL SUPERVISADA;203;docente;;;
31423282;3762;MARTIN RODRIGO;GARCIA;3016;PROBABILIDAD ESTADISTICA;211;docente;;;
31423282;3762;MARTIN RODRIGO;GARCIA;3651;PROBABILIDAD Y ESTADISTICA;201;docente;;;
31423282;3762;MARTIN RODRIGO;GARCIA;3700;PROBABILIDAD ESTADISTICA;202;docente;;;
31423282;3762;MARTIN RODRIGO;GARCIA;4072;PROBABILIDAD Y ESTADISTICA;203;docente;;;
31423282;3762;MARTIN RODRIGO;GARCIA;4136;PROBABILIDAD Y ESTADISTICA;207;docente;;;
31448676;2183;LUCAS;VIDELA;3652;PROGRAMACION AVANZADA;201;docente;;;
31469655;6931;JUAN DAVID;SALGADO SALTER;1029;QUIMICA GENERAL;201;docente;;;
31469655;6931;JUAN DAVID;SALGADO SALTER;1029;QUIMICA GENERAL;202;docente;;;
31469655;6931;JUAN DAVID;SALGADO SALTER;1029;QUIMICA GENERAL;203;docente;;;
31469655;6931;JUAN DAVID;SALGADO SALTER;1029;QUIMICA GENERAL;207;docente;;;
31469655;6931;JUAN DAVID;SALGADO SALTER;1029;QUIMICA GENERAL;211;docente;;;
31469655;6931;JUAN DAVID;SALGADO SALTER;3683;FUNDAMENTOS DE QUIMICA;202;docente;;;
31469655;6931;JUAN DAVID;SALGADO SALTER;4001;QUIMICA GENERAL;212;docente;;;
31469655;6931;JUAN DAVID;SALGADO SALTER;4061;FUNDAMENTOS DE QUIMICA;203;docente;;;
31469655;6931;JUAN DAVID;SALGADO SALTER;4126;FUNDAMENTOS DE QUIMICA;207;docente;;;
31652931;2355;PABLO NICOLÀS;SANCHEZ;2633;PROGRAMACION WEB III;206;docente;;;
31659751;5976;IVAN IGNACIO;FUCHIMCZUK ZAWOROTNY;902;INGLES NIVEL II;201;docente;;;
31659751;5976;IVAN IGNACIO;FUCHIMCZUK ZAWOROTNY;902;INGLES NIVEL II;202;docente;;;
31659751;5976;IVAN IGNACIO;FUCHIMCZUK ZAWOROTNY;902;INGLES NIVEL II;203;docente;;;
31659751;5976;IVAN IGNACIO;FUCHIMCZUK ZAWOROTNY;902;INGLES NIVEL II;207;docente;;;
31659751;5976;IVAN IGNACIO;FUCHIMCZUK ZAWOROTNY;902;INGLES NIVEL II;211;docente;;;
31659751;5976;IVAN IGNACIO;FUCHIMCZUK ZAWOROTNY;902;INGLES NIVEL II;212;docente;;;
31659751;5976;IVAN IGNACIO;FUCHIMCZUK ZAWOROTNY;903;INGLES NIVEL III;201;docente;;;
31659751;5976;IVAN IGNACIO;FUCHIMCZUK ZAWOROTNY;903;INGLES NIVEL III;202;docente;;;
31659751;5976;IVAN IGNACIO;FUCHIMCZUK ZAWOROTNY;903;INGLES NIVEL III;203;docente;;;
31659751;5976;IVAN IGNACIO;FUCHIMCZUK ZAWOROTNY;903;INGLES NIVEL III;207;docente;;;
31659751;5976;IVAN IGNACIO;FUCHIMCZUK ZAWOROTNY;903;INGLES NIVEL III;211;docente;;;
31659751;5976;IVAN IGNACIO;FUCHIMCZUK ZAWOROTNY;903;INGLES NIVEL III;212;docente;;;
31659751;5976;IVAN IGNACIO;FUCHIMCZUK ZAWOROTNY;904;INGLES NIVEL IV;201;docente;;;
31659751;5976;IVAN IGNACIO;FUCHIMCZUK ZAWOROTNY;904;INGLES NIVEL IV;202;docente;;;
31659751;5976;IVAN IGNACIO;FUCHIMCZUK ZAWOROTNY;904;INGLES NIVEL IV;203;docente;;;
31659751;5976;IVAN IGNACIO;FUCHIMCZUK ZAWOROTNY;904;INGLES NIVEL IV;207;docente;;;
31659751;5976;IVAN IGNACIO;FUCHIMCZUK ZAWOROTNY;904;INGLES NIVEL IV;211;docente;;;
31659751;5976;IVAN IGNACIO;FUCHIMCZUK ZAWOROTNY;904;INGLES NIVEL IV;212;docente;;;
31829778;4929;FACUNDO MARTIN;DOMINGUEZ;3744;INFORMATICA AVANZADA;202;docente;;;
31831350;6368;NESTOR VICENTE;CASERTA;4158;DISEÑO ARQUITECTONICO, PLANEAMIENTO Y URBANISMO;207;docente;;;
31925513;6915;LUCAS;LOPRESTI;3622;ANALISIS MATEMATICO I;201;docente;;;
31925513;6915;LUCAS;LOPRESTI;3681;ANALISIS MATEMATICO I;202;docente;;;
31925513;6915;LUCAS;LOPRESTI;4000;ANALISIS MATEMATICO I;212;docente;;;
31925513;6915;LUCAS;LOPRESTI;4052;ANALISIS MATEMATICO I;203;docente;;;
31925513;6915;LUCAS;LOPRESTI;4122;ANALISIS MATEMATICO I;207;docente;;;
31935047;5842;GISELE KARINA;DE PIETRI;1027;ALGEBRA Y GEOMETRIA ANALITICA I;201;docente;;;
31935047;5842;GISELE KARINA;DE PIETRI;1027;ALGEBRA Y GEOMETRIA ANALITICA I;202;docente;;;
31935047;5842;GISELE KARINA;DE PIETRI;1027;ALGEBRA Y GEOMETRIA ANALITICA I;203;docente;;;
31935047;5842;GISELE KARINA;DE PIETRI;1027;ALGEBRA Y GEOMETRIA ANALITICA I;207;docente;;;
31935047;5842;GISELE KARINA;DE PIETRI;1027;ALGEBRA Y GEOMETRIA ANALITICA I;211;docente;;;
31935047;5842;GISELE KARINA;DE PIETRI;3682;ALGEBRA Y GEOMETRIA ANALITICA I;202;docente;;;
31935047;5842;GISELE KARINA;DE PIETRI;4002;ALGEBRA Y GEOMETRIA ANALITICA I;212;docente;;;
31935047;5842;GISELE KARINA;DE PIETRI;4054;ALGEBRA Y GEOMETRIA ANALITICA I;203;docente;;;
31935106;6259;DIEGO;CACCAVIELLO;3720;CONTROL I;202;docente;;;
32047204;5464;JONATAN MAXIMILIANO;TARRAUBELLA;4133;EVALUACION DE PROYECTO Y TASACIONES;207;docente;;;
32197546;5888;CHRISTIAN EMANUEL;MINNITI;902;INGLES NIVEL II;201;docente;;;
32197546;5888;CHRISTIAN EMANUEL;MINNITI;902;INGLES NIVEL II;202;docente;;;
32197546;5888;CHRISTIAN EMANUEL;MINNITI;902;INGLES NIVEL II;203;docente;;;
32197546;5888;CHRISTIAN EMANUEL;MINNITI;902;INGLES NIVEL II;207;docente;;;
32197546;5888;CHRISTIAN EMANUEL;MINNITI;902;INGLES NIVEL II;211;docente;;;
32197546;5888;CHRISTIAN EMANUEL;MINNITI;902;INGLES NIVEL II;212;docente;;;
32197546;5888;CHRISTIAN EMANUEL;MINNITI;903;INGLES NIVEL III;201;docente;;;
32197546;5888;CHRISTIAN EMANUEL;MINNITI;903;INGLES NIVEL III;202;docente;;;
32197546;5888;CHRISTIAN EMANUEL;MINNITI;903;INGLES NIVEL III;203;docente;;;
32197546;5888;CHRISTIAN EMANUEL;MINNITI;903;INGLES NIVEL III;207;docente;;;
32197546;5888;CHRISTIAN EMANUEL;MINNITI;903;INGLES NIVEL III;211;docente;;;
32197546;5888;CHRISTIAN EMANUEL;MINNITI;903;INGLES NIVEL III;212;docente;;;
32197546;5888;CHRISTIAN EMANUEL;MINNITI;904;INGLES NIVEL IV;201;docente;;;
32197546;5888;CHRISTIAN EMANUEL;MINNITI;904;INGLES NIVEL IV;202;docente;;;
32197546;5888;CHRISTIAN EMANUEL;MINNITI;904;INGLES NIVEL IV;203;docente;;;
32197546;5888;CHRISTIAN EMANUEL;MINNITI;904;INGLES NIVEL IV;207;docente;;;
32197546;5888;CHRISTIAN EMANUEL;MINNITI;904;INGLES NIVEL IV;211;docente;;;
32197546;5888;CHRISTIAN EMANUEL;MINNITI;904;INGLES NIVEL IV;212;docente;;;
32205706;4489;HERNAN MARCELO;JALIL;3636;BASES DE DATOS;201;docente;;;
32243728;2862;MATIAS RODRIGO;BERNADAZ;1024;ELEMENTOS DE PROGRAMACION;201;docente;;;
32243728;2862;MATIAS RODRIGO;BERNADAZ;1024;ELEMENTOS DE PROGRAMACION;202;docente;;;
32243728;2862;MATIAS RODRIGO;BERNADAZ;1024;ELEMENTOS DE PROGRAMACION;203;docente;;;
32243728;2862;MATIAS RODRIGO;BERNADAZ;1024;ELEMENTOS DE PROGRAMACION;207;docente;;;
32243728;2862;MATIAS RODRIGO;BERNADAZ;1024;ELEMENTOS DE PROGRAMACION;211;docente;;;
32243728;2862;MATIAS RODRIGO;BERNADAZ;3689;ELEMENTOS DE PROGRAMACION;202;docente;;;
32265949;2322;JUAN MANUEL;OJEDA;3665;GESTION APLICADA AL DESARROLLO DE SOFTWARE II;201;docente;;;
32326207;5051;FEDERICO DAVID;PENCIERI;4143;HIDRAULICA GENERAL;207;docente;;;
32326207;5051;FEDERICO DAVID;PENCIERI;4156;HIDROLOGIA APLICADA;207;docente;;;
32326207;5051;FEDERICO DAVID;PENCIERI;4161;OBRAS HIDRAULICAS;207;docente;;;
32340370;4986;LEANDRO MARTIN;DEFILIPI;4099;AUTOMATIZACION INDUSTRIAL;203;docente;;;
32384260;4205;GERMAN GABRIEL;RAMIREZ;1278;PRACTICA PROFESIONAL SUPERVISADA;207;docente;;;
32384260;4205;GERMAN GABRIEL;RAMIREZ;4101;INSTALACIONES INDUSTRIALES;203;docente;;;
32384260;4205;GERMAN GABRIEL;RAMIREZ;4124;INTRODUCCION A LA INGENIERIA CIVIL;207;docente;;;
32384260;4205;GERMAN GABRIEL;RAMIREZ;4140;TECNOLOGIA DE LA CONSTRUCCION;207;docente;;;
32384260;4205;GERMAN GABRIEL;RAMIREZ;4163;PRACTICA PROFESIONAL SUPERVISADA;207;docente;;;
32480104;4255;EDUARDO;SACERDOTI;1155;ELECTROACUSTICA;204;docente;;;
32523793;6912;CAROLINA ANDREA;POZZETTI;1250;PUENTES;207;docente;;;
32523793;6912;CAROLINA ANDREA;POZZETTI;4184;PUENTES;207;docente;;;
32691574;6268;JONATAN ALBERTO;URAN ACEVEDO;3008;TALLER DE DISEÑO;210;docente;;;
32691574;6268;JONATAN ALBERTO;URAN ACEVEDO;3012;TALLER DE PROGRAMACION;210;docente;;;
32691574;6268;JONATAN ALBERTO;URAN ACEVEDO;3635;TOPICOS DE PROGRAMACION;201;docente;;;
32936133;2383;NICOLAS MATIAS;RIZZO;1162;INTRODUCCION A LA EDICION DIGITAL;204;docente;;;
32989899;5023;ELISEO GABRIEL;OVIEDO FIGUEREDO;1397;ANTEPROYECTO;207;docente;;;
32989899;5023;ELISEO GABRIEL;OVIEDO FIGUEREDO;1398;PROYECTO FINAL;207;docente;;;
32989899;5023;ELISEO GABRIEL;OVIEDO FIGUEREDO;4150;INSTALACIONES ELECTRICAS Y ACUSTICAS;207;docente;;;
32989899;5023;ELISEO GABRIEL;OVIEDO FIGUEREDO;4165;ANTEPROYECTO;207;docente;;;
32989899;5023;ELISEO GABRIEL;OVIEDO FIGUEREDO;4174;PROYECTO FINAL;207;docente;;;
33035197;5866;RICARDO BERNABE;BALONI;3639;ANALISIS MATEMATICO III;201;docente;;;
33035197;5866;RICARDO BERNABE;BALONI;3693;ANALISIS MATEMATICO III;202;docente;;;
33035197;5866;RICARDO BERNABE;BALONI;3699;ANALISIS MATEMATICO IV;202;docente;;;
33035197;5866;RICARDO BERNABE;BALONI;4065;ANALISIS MATEMATICO III;203;docente;;;
33035197;5866;RICARDO BERNABE;BALONI;4132;ANALISIS MATEMATICO III;207;docente;;;
33118553;2863;JAVIER IGNACIO;LUGO;3645;ALGEBRA Y GEOMETRIA ANALITICA II;201;docente;;;
33118553;2863;JAVIER IGNACIO;LUGO;3745;MATEMATICA AVANZADA;202;docente;;;
33180671;2530;MARTIN;FERREYRA BIRON;3631;FUNDAMENTOS DE SISTEMAS EMBEBIDOS;201;docente;;;
33180671;2530;MARTIN;FERREYRA BIRON;3638;ARQUITECTURA DE COMPUTADORAS;201;docente;;;
33180671;2530;MARTIN;FERREYRA BIRON;3725;SISTEMAS OPERATIVOS EN TIEMPO REAL;202;docente;;;
33241691;2236;ORNELLA ANDREA;LAMANNA;4084;GESTION DE LA CALIDAD;203;docente;;;
33248123;5874;FRANCO NICOLAS;MONTERO;902;INGLES NIVEL II;201;docente;;;
33248123;5874;FRANCO NICOLAS;MONTERO;902;INGLES NIVEL II;202;docente;;;
33248123;5874;FRANCO NICOLAS;MONTERO;902;INGLES NIVEL II;203;docente;;;
33248123;5874;FRANCO NICOLAS;MONTERO;902;INGLES NIVEL II;207;docente;;;
33248123;5874;FRANCO NICOLAS;MONTERO;902;INGLES NIVEL II;211;docente;;;
33248123;5874;FRANCO NICOLAS;MONTERO;902;INGLES NIVEL II;212;docente;;;
33248123;5874;FRANCO NICOLAS;MONTERO;903;INGLES NIVEL III;201;docente;;;
33248123;5874;FRANCO NICOLAS;MONTERO;903;INGLES NIVEL III;202;docente;;;
33248123;5874;FRANCO NICOLAS;MONTERO;903;INGLES NIVEL III;203;docente;;;
33248123;5874;FRANCO NICOLAS;MONTERO;903;INGLES NIVEL III;207;docente;;;
33248123;5874;FRANCO NICOLAS;MONTERO;903;INGLES NIVEL III;211;docente;;;
33248123;5874;FRANCO NICOLAS;MONTERO;903;INGLES NIVEL III;212;docente;;;
33248123;5874;FRANCO NICOLAS;MONTERO;904;INGLES NIVEL IV;201;docente;;;
33248123;5874;FRANCO NICOLAS;MONTERO;904;INGLES NIVEL IV;202;docente;;;
33248123;5874;FRANCO NICOLAS;MONTERO;904;INGLES NIVEL IV;203;docente;;;
33248123;5874;FRANCO NICOLAS;MONTERO;904;INGLES NIVEL IV;207;docente;;;
33248123;5874;FRANCO NICOLAS;MONTERO;904;INGLES NIVEL IV;211;docente;;;
33248123;5874;FRANCO NICOLAS;MONTERO;904;INGLES NIVEL IV;212;docente;;;
33248123;5874;FRANCO NICOLAS;MONTERO;2622;INGLES TECNICO I;206;docente;;;
33248123;5874;FRANCO NICOLAS;MONTERO;2999;INGLES TECNICO I;210;docente;;;
33252196;2446;DANA NATALIA;BETTIGA;1155;ELECTROACUSTICA;204;docente;;;
33267104;6815;MATIAS ALEJANDRO;MENDOZA;3635;TOPICOS DE PROGRAMACION;201;docente;;;
33293881;2405;SERGIO GABRIEL;BONAVENTO;2638;TALLER PRACTICO INTEGRADOR;206;docente;;;
33293881;2405;SERGIO GABRIEL;BONAVENTO;3015;TRABAJO FINAL;210;docente;;;
33293881;2405;SERGIO GABRIEL;BONAVENTO;3624;INTRODUCCION A LOS SISTEMAS DE INFORMACION;201;docente;;;
33459054;7919;JUAN SEBASTIAN;QUEVEDO;2625;BASES DE DATOS I;206;docente;;;
33509293;2311;FEDERICO DANIEL;PEZZOLA;1031;FISICA I;201;docente;;;
33509293;2311;FEDERICO DANIEL;PEZZOLA;1031;FISICA I;202;docente;;;
33509293;2311;FEDERICO DANIEL;PEZZOLA;1031;FISICA I;203;docente;;;
33509293;2311;FEDERICO DANIEL;PEZZOLA;1031;FISICA I;207;docente;;;
33509293;2311;FEDERICO DANIEL;PEZZOLA;1031;FISICA I;211;docente;;;
33509293;2311;FEDERICO DANIEL;PEZZOLA;3640;ALGORITMOS Y ESTRUCTURAS DE DATOS;201;docente;;;
33778557;6123;LUCAS ROMAN;LOPEZ;3681;ANALISIS MATEMATICO I;202;docente;;;
33787806;4383;GERMAN ELOY;CARDOZO;3709;TEORIA DE LOS CIRCUITOS III;202;docente;;;
33787806;4383;GERMAN ELOY;CARDOZO;3715;TEORIA DE CIRCUITOS IV;202;docente;;;
34028896;;MARCELO ALBERTO;PERALTA;3627;ALGEBRA Y GEOMETRIA ANALITICA I;201;docente;;;
34028896;;MARCELO ALBERTO;PERALTA;4002;ALGEBRA Y GEOMETRIA ANALITICA I;212;docente;;;
34028896;;MARCELO ALBERTO;PERALTA;4054;ALGEBRA Y GEOMETRIA ANALITICA I;203;docente;;;
34321907;2483;ALEJANDRO EDGAR;RODRIGUEZ;3649;SISTEMAS OPERATIVOS;201;docente;;;
34321907;2483;ALEJANDRO EDGAR;RODRIGUEZ;3654;VIRTUALIZACION DE HARDWARE;201;docente;;;
34424221;8100;MATÍAS EZEQUIEL;ADAGIO;3599;REDES MOVILES E IOT;201;docente;;;
34424221;8100;MATÍAS EZEQUIEL;ADAGIO;3660;SISTEMAS OPERATIVOS AVANZADOS;201;docente;;;
34424221;8100;MATÍAS EZEQUIEL;ADAGIO;4108;INTELIGENCIA INDUSTRIAL;203;docente;;;
34424221;8100;MATÍAS EZEQUIEL;ADAGIO;4186;INTRODUCCIÓN AL ANÁLISIS DE DATOS;207;docente;;;
34558059;3974;PABLO;BAUSTIAN;3719;COMUNICACIONES I;202;docente;;;
34741303;7694;JESICA YANINA;ARANDA;4130;GEOTOPOGRAFIA;207;docente;;;
34741303;7694;JESICA YANINA;ARANDA;4131;INNOVACION EN MATERIALES DE CONSTRUCCION;207;docente;;;
34809961;;BRIAN EXEQUIEL;PUPILLI;3039;MAQUINAS ELECTRICAS;211;docente;;;
34842320;2391;FACUNDO NAHUEL;D' ARANNO;2628;PROGRAMACION WEB II;206;docente;;;
34849188;7817;HECTOR EMANUEL;BALONI;1033;ANALISIS MATEMATICO II;201;docente;;;
34849188;7817;HECTOR EMANUEL;BALONI;1033;ANALISIS MATEMATICO II;202;docente;;;
34849188;7817;HECTOR EMANUEL;BALONI;1033;ANALISIS MATEMATICO II;203;docente;;;
34849188;7817;HECTOR EMANUEL;BALONI;1033;ANALISIS MATEMATICO II;207;docente;;;
34849188;7817;HECTOR EMANUEL;BALONI;1033;ANALISIS MATEMATICO II;211;docente;;;
34849188;7817;HECTOR EMANUEL;BALONI;3639;ANALISIS MATEMATICO III;201;docente;;;
34849188;7817;HECTOR EMANUEL;BALONI;4065;ANALISIS MATEMATICO III;203;docente;;;
34849188;7817;HECTOR EMANUEL;BALONI;4132;ANALISIS MATEMATICO III;207;docente;;;
34870524;8194;MAXIMILIANO CARLOS;DE PIETRO;3004;PROGRAMACION MOVIL II;210;docente;;;
34870524;8194;MAXIMILIANO CARLOS;DE PIETRO;3010;PROGRAMACION MOVIL III;210;docente;;;
34928299;34928299;VANESA ANDREA;PALOMEQUE;3698;INTEGRACION TECNOLOGICA II;202;docente;;;
35026979;2982;GERARDO AGUSTIN;RIERA;3647;REQUISITOS AVANZADOS;201;docente;;;
35075443;6254;FABIAN EMANUEL;CALODOLCE;4095;PROCESOS INDUSTRIALES II;203;docente;;;
35118618;2469;FERNANDO ESTEBAN;PIUBEL;3649;SISTEMAS OPERATIVOS;201;docente;;;
35118618;2469;FERNANDO ESTEBAN;PIUBEL;3654;VIRTUALIZACION DE HARDWARE;201;docente;;;
35126254;;MATIAS OSCAR;VAZQUEZ;3727;CONTROL II;202;docente;;;
35159496;6241;SILVANA;ARDANAZ;3675;PRACTICA PROFESIONAL SUPERVISADA;201;docente;;;
35185834;6916;DIEGO RUBEN;DENIS;1279;INGENIERIA SANITARIA;207;docente;;;
35185834;6916;DIEGO RUBEN;DENIS;4143;HIDRAULICA GENERAL;207;docente;;;
35185834;6916;DIEGO RUBEN;DENIS;4168;INGENIERIA SANITARIA;207;docente;;;
35361503;4970;MARIA CAROLINA;ALCAZAR;4148;HIDRAULICA APLICADA;207;docente;;;
35532465;35532465;ELEAZAR PATRICIO;PIN ETCHAVE;3663;LENGUAJES Y COMPILADORES;201;docente;;;
35533884;4552;AGUSTIN IGNACIO;REYES;3706;ELECTROMAGNETISMO;202;docente;;;
35533884;4552;AGUSTIN IGNACIO;REYES;3713;MEDIOS DE ENLACE;202;docente;;;
35538469;8937;JULIAN ANDRES;MORGANELLA;2623;PROGRAMACION BASICA II;206;docente;;;
35538469;8937;JULIAN ANDRES;MORGANELLA;3000;PROGRAMACION AVANZADA;210;docente;;;
35881149;7427;GASTON ALBERTO;ARIAS;4092;GESTION Y EVALUACION DE PROYECTOS;203;docente;;;
35951952;;JULIO CESAR;CERVERA;3728;ELECTRONICA INDUSTRIAL;202;docente;;;
35958022;;LUCIANO FRANCISCO;SALVATORE;3631;FUNDAMENTOS DE SISTEMAS EMBEBIDOS;201;docente;;;
35958022;;LUCIANO FRANCISCO;SALVATORE;3638;ARQUITECTURA DE COMPUTADORAS;201;docente;;;
36038436;;MARÍA CELESTE;BORIN;4076;TERMODINAMICA;203;docente;;;
36070478;36070478;LUCIANO JAVIER;TOMAINO;4076;TERMODINAMICA;203;docente;;;
36070478;36070478;LUCIANO JAVIER;TOMAINO;4083;MAQUINAS TERMICAS;203;docente;;;
36070519;6604;MARTIN EZEQUIEL;BECERRA;3664;INTELIGENCIA ARTIFICIAL;201;docente;;;
36156739;6947;PATRICIA VANESA;PASTOR;4131;INNOVACION EN MATERIALES DE CONSTRUCCION;207;docente;;;
36203865;;DAVID EMANUEL;JARA;3020;TERMODINAMICA;211;docente;;;
36277100;8164;NAHUEL OMAR;RAPETTI;2633;PROGRAMACION WEB III;206;docente;;;
36277100;8164;NAHUEL OMAR;RAPETTI;2638;TALLER PRACTICO INTEGRADOR;206;docente;;;
36277100;8164;NAHUEL OMAR;RAPETTI;3008;TALLER DE DISEÑO;210;docente;;;
36277100;8164;NAHUEL OMAR;RAPETTI;3015;TRABAJO FINAL;210;docente;;;
36296834;6794;CESAR EMANUEL;RODRIGUEZ;4068;FISICA III;203;docente;;;
36404626;;MARÍA VANESA LUJÁN;MONZÓN;3669;INNOVACION Y EMPRENDEDORISMO;201;docente;;;
36476895;TMP71287;DIEGO RUBEN;SANZ;3664;INTELIGENCIA ARTIFICIAL;201;docente;;;
36491923;TMP70540;ABRAHAM ALAN;PANUCCIO;3670;CIENCIA DE DATOS;201;docente;;;
36623942;8889;MAURO JULIAN;AYALA;2638;TALLER PRACTICO INTEGRADOR;206;docente;;;
36623942;8889;MAURO JULIAN;AYALA;3015;TRABAJO FINAL;210;docente;;;
36697331;TMP90999;DANIEL AGUSTIN;ESPINOLA;1027;ALGEBRA Y GEOMETRIA ANALITICA I;201;docente;;;
36697331;TMP90999;DANIEL AGUSTIN;ESPINOLA;1027;ALGEBRA Y GEOMETRIA ANALITICA I;202;docente;;;
36697331;TMP90999;DANIEL AGUSTIN;ESPINOLA;1027;ALGEBRA Y GEOMETRIA ANALITICA I;203;docente;;;
36697331;TMP90999;DANIEL AGUSTIN;ESPINOLA;1027;ALGEBRA Y GEOMETRIA ANALITICA I;207;docente;;;
36697331;TMP90999;DANIEL AGUSTIN;ESPINOLA;1027;ALGEBRA Y GEOMETRIA ANALITICA I;211;docente;;;
36697331;TMP90999;DANIEL AGUSTIN;ESPINOLA;3682;ALGEBRA Y GEOMETRIA ANALITICA I;202;docente;;;
36697331;TMP90999;DANIEL AGUSTIN;ESPINOLA;3688;ALGEBRA Y GEOMETRIA ANALITICA II;202;docente;;;
36697331;TMP90999;DANIEL AGUSTIN;ESPINOLA;4002;ALGEBRA Y GEOMETRIA ANALITICA I;212;docente;;;
36697331;TMP90999;DANIEL AGUSTIN;ESPINOLA;4054;ALGEBRA Y GEOMETRIA ANALITICA I;203;docente;;;
36785745;ING00070;BRIAN EDUARDO;JORDI;3640;ALGORITMOS Y ESTRUCTURAS DE DATOS;201;docente;;;
36819441;4973;NICOLAS FABRIZIO;FENOGLIETTO;1282;ORGANIZACION Y CONDUCCION DE OBRAS;207;docente;;;
36819441;4973;NICOLAS FABRIZIO;FENOGLIETTO;4153;ORGANIZACION Y CONDUCCION DE OBRAS;207;docente;;;
36819441;4973;NICOLAS FABRIZIO;FENOGLIETTO;4173;ANALISIS DE COSTOS;207;docente;;;
36822428;ING00023;LEANDRO DANIEL;GIMENEZ;4064;COSTOS INDUSTRIALES;203;docente;;;
36822428;ING00023;LEANDRO DANIEL;GIMENEZ;4085;MECANICA DE FLUIDOS;203;docente;;;
36981339;6225;ADRIEL FABIO;GONZALEZ MANRIQUE de LARA;1035;FISICA II;201;docente;;;
36981339;6225;ADRIEL FABIO;GONZALEZ MANRIQUE de LARA;1035;FISICA II;202;docente;;;
36981339;6225;ADRIEL FABIO;GONZALEZ MANRIQUE de LARA;1035;FISICA II;203;docente;;;
36981339;6225;ADRIEL FABIO;GONZALEZ MANRIQUE de LARA;1035;FISICA II;207;docente;;;
36981339;6225;ADRIEL FABIO;GONZALEZ MANRIQUE de LARA;1035;FISICA II;211;docente;;;
37010396;37010396;LIONEL ALEJANDRO;TROVATTO;4151;INSTALACIONES SANITARIAS Y DE GAS;207;docente;;;
37039913;4129;MAGDALENA;MOLINA;4079;GESTION DE LA INNOVACION Y EMPRENDEDORISMO;203;docente;;;
37039913;4129;MAGDALENA;MOLINA;4081;GESTION DE OPERACIONES II;203;docente;;;
37120807;4485;FEDERICO MAURO;GASIOR;3646;PARADIGMAS DE PROGRAMACION;201;docente;;;
37233248;7740;IVAN ORLANDO;DI MARCO;4147;ANALISIS ESTRUCTURAL BASICO;207;docente;;;
37233248;7740;IVAN ORLANDO;DI MARCO;4152;ANALISIS ESTRUCTURAL AVANZADO;207;docente;;;
37248246;;MARIANO EMANUEL;CAPEANS;3025;MAQUINAS TERMICAS;211;docente;;;
37349908;;FEDERICO AGUSTÍN;GARCÍA;3631;FUNDAMENTOS DE SISTEMAS EMBEBIDOS;201;docente;;;
37533925;7914;WALTER DANIEL;GIL;1283;VIAS DE COMUNICACION II;207;docente;;;
37533925;7914;WALTER DANIEL;GIL;4175;PLANIFICACION Y GESTION DE SISTEMAS DEL TRANSPORTE;207;docente;;;
37792152;7546;THAIEL;FONCECA ZINNA;1286;INGENIERIA LEGAL;207;docente;;;
37792152;7546;THAIEL;FONCECA ZINNA;4141;HIGIENE, SEGURIDAD Y MEDIOAMBIENTE;207;docente;;;
37792152;7546;THAIEL;FONCECA ZINNA;4149;INGENIERIA LEGAL;207;docente;;;
37840979;TMP91457;IGNACIO JAVIER;CALLAPIÑA;4124;INTRODUCCION A LA INGENIERIA CIVIL;207;docente;;;
37840979;TMP91457;IGNACIO JAVIER;CALLAPIÑA;4140;TECNOLOGIA DE LA CONSTRUCCION;207;docente;;;
37989053;;ERIK;ALVAREZ;3640;ALGORITMOS Y ESTRUCTURAS DE DATOS;201;docente;;;
38068767;7274;FEDERICO;SORLINO VILLAVICENCIO;4166;CIMENTACIONES;207;docente;;;
38256230;8157;MATEO IGNACIO;SERRANO;3726;COMUNICACIONES II;202;docente;;;
38454868;;NICOLAS ANTONIO;CAMPITI;4057;INTRODUCCION AL EJERCICIO PROFESIONAL;203;docente;;;
38601207;38601207;SERENELA AILIN;POLLICINO ESPOSITO;1250;PUENTES;207;docente;;;
38601207;38601207;SERENELA AILIN;POLLICINO ESPOSITO;4162;INGENIERIA EN INFRAESTRUCTURA VIAL BASICA;207;docente;;;
38601207;38601207;SERENELA AILIN;POLLICINO ESPOSITO;4169;OBRAS VIALES;207;docente;;;
38601207;38601207;SERENELA AILIN;POLLICINO ESPOSITO;4184;PUENTES;207;docente;;;
38700538;8012;PAUL MAURICIO;ARAMAYO VELA;4146;TECNOLOGIA AVANZADA DEL HORMIGON;207;docente;;;
38701872;7680;MATIAS GABRIEL;RODRIGUEZ;4157;CONSTRUCCIONES METALICAS Y DE MADERA;207;docente;;;
38701872;7680;MATIAS GABRIEL;RODRIGUEZ;4167;MODELIZACION DE LAS CONSTRUCCIONES METALICAS Y DE MADERA;207;docente;;;
38709827;7748;JIMENA ROCIO;SEJAS AGUAYO;4094;ECOLOGIA INDUSTRIAL Y DESARROLLO SUSTENTABLE;203;docente;;;
38852000;;HECTOR MAURICIO;SALAZAR VALETTUTE;1248;HIDROLOGIA Y OBRAS HIDRAULICAS II;207;docente;;;
38852000;;HECTOR MAURICIO;SALAZAR VALETTUTE;4156;HIDROLOGIA APLICADA;207;docente;;;
38852000;;HECTOR MAURICIO;SALAZAR VALETTUTE;4161;OBRAS HIDRAULICAS;207;docente;;;
38852000;;HECTOR MAURICIO;SALAZAR VALETTUTE;4180;MODELIZACION HIDRAULICA;207;docente;;;
39268109;;SEBASTIÁN FACUNDO;FARANA;4081;GESTION DE OPERACIONES II;203;docente;;;
39272479;;FACUNDO NICOLAS;VOGEL;3670;CIENCIA DE DATOS;201;docente;;;
39297050;39297050;LUCAS RODRIGO;GARVIZU ORTIZ;4150;INSTALACIONES ELECTRICAS Y ACUSTICAS;207;docente;;;
39433557;;CAMILA AGUSTINA;de JESUS;3624;INTRODUCCION A LOS SISTEMAS DE INFORMACION;201;docente;;;
39469853;7356bis;FRANCISCO IGNACIO;RICART;1247;DISEÑO ARQUITECTONICO, PLANEAMIENTO Y URBANISMO II;207;docente;;;
39469853;7356bis;FRANCISCO IGNACIO;RICART;4179;BIM Y GESTION DE LA CONSTRUCCION;207;docente;;;
39511499;;JUAN PABLO;VAZQUEZ;3036;TRABAJADO MECANICO II;211;docente;;;
39653523;8950;GABRIEL IVAN;AVARO;1279;INGENIERIA SANITARIA;207;docente;;;
39653523;8950;GABRIEL IVAN;AVARO;4168;INGENIERIA SANITARIA;207;docente;;;
39712914;39712914;TAMAYO LEONEL;SACHA ;3622;ANALISIS MATEMATICO I;201;docente;;;
39712914;39712914;TAMAYO LEONEL;SACHA ;3645;ALGEBRA Y GEOMETRIA ANALITICA II;201;docente;;;
39879803;8409;MARIANA BELEN;VIGNARDEL VILLAGRA;4130;GEOTOPOGRAFIA;207;docente;;;
40143563;8921;IGNACIO JAVIER;GARCIA GOÑI;4086;INVESTIGACION OPERATIVA;203;docente;;;
40143563;8921;IGNACIO JAVIER;GARCIA GOÑI;4110;PLANEAMIENTO DE LA PRODUCCION E INVENTARIOS;203;docente;;;
40497090;;NURIA ROCÍO;ORQUÍN;2638;TALLER PRACTICO INTEGRADOR;206;docente;;;
40497090;;NURIA ROCÍO;ORQUÍN;3015;TRABAJO FINAL;210;docente;;;
40538264;;AGUSTÍN JOSE;PIACENTINI;4096;INDUSTRIAS DE SERVICIOS;203;docente;;;
40747880;;MAXIMILIANO TOMAS;LORELLI;4166;CIMENTACIONES;207;docente;;;
40808298;;ALESIO ESTEBAN ABEL;SINOPOLI;3662;MATEMATICA APLICADA;201;docente;;;
40808298;;ALESIO ESTEBAN ABEL;SINOPOLI;3679;VISION ARTIFICIAL;201;docente;;;
40808298;;ALESIO ESTEBAN ABEL;SINOPOLI;3764;VISIÓN ARTIFICIAL;202;docente;;;
40904376;8883;IVÁN NICOLÁS;KARLEN;2638;TALLER PRACTICO INTEGRADOR;206;docente;;;
40904376;8883;IVÁN NICOLÁS;KARLEN;3015;TRABAJO FINAL;210;docente;;;
41007269;;KAREN MICHELLE;REVAINERA;4162;INGENIERIA EN INFRAESTRUCTURA VIAL BASICA;207;docente;;;
41007269;;KAREN MICHELLE;REVAINERA;4169;OBRAS VIALES;207;docente;;;
41069317;;LUCAS EZEQUIEL;GARBARINO;3697;TEORIA DE LOS CIRCUITOS I;202;docente;;;
41069317;;LUCAS EZEQUIEL;GARBARINO;3703;TEORIA DE CIRCUITOS II;202;docente;;;
41317528;;LUCAS MARTÍN;GANDULFO;4087;PROCESOS INDUSTRIALES I;203;docente;;;
41327369;41327369;NICOLÁS EZEQUIEL;GARCÍA;4157;CONSTRUCCIONES METALICAS Y DE MADERA;207;docente;;;
41327369;41327369;NICOLÁS EZEQUIEL;GARCÍA;4167;MODELIZACION DE LAS CONSTRUCCIONES METALICAS Y DE MADERA;207;docente;;;
41332512;;NAHUEL GONZALO;LIBERTO;4104;GESTION INDUSTRIAL;203;docente;;;
41396644;;NICOLÁS ENRIQUE;AGOSTINO;3734;ELECTRONICA DE POTENCIA;202;docente;;;
41470170;9137;SANTIAGO;RUIZ;3694;FISICA III;202;docente;;;
41470170;9137;SANTIAGO;RUIZ;4068;FISICA III;203;docente;;;
41471245;;JAVIER MATIAS;SADOWSKI;4159;ESTRUCTURAS DE HORMIGON;207;docente;;;
41589109;41589109;TOMÁS;SÁNCHEZ GRIGIONI;3656;ESTADISTICA APLICADA;201;docente;;;
41691959;9157;GONZALO JULIÁN;CASELLA;3641;BASES DE DATOS APLICADAS;201;docente;;;
41768854;;CAMILA DENISE;MINETTI;2626;INTRODUCCION AL DISEÑO GRAFICO EN LA WEB;206;docente;;;
41898101;;AGOSTINA MICAELA;MOTTURA;3638;ARQUITECTURA DE COMPUTADORAS;201;docente;;;
41912690;9085;MATÍAS JULIÁN;PEREYRA;3018;ESTABILIDAD I;211;docente;;;
41912690;9085;MATÍAS JULIÁN;PEREYRA;3029;ESTABILIDAD III;211;docente;;;
41914511;;MARTÍN;ALBANESI;3001;PROGRAMACION MOVIL I;210;docente;;;
42038102;9040;TOMÁS VICTORIO;SERRAVENTO;3659;GESTION APLICADA AL DESARROLLO DE SOFTWARE I;201;docente;;;
42290211;;EMANUEL GABRIEL;JUAREZ;3635;TOPICOS DE PROGRAMACION;201;docente;;;
42290762;;ORIANA DESIREÉ;SANJUAN;4108;INTELIGENCIA INDUSTRIAL;203;docente;;;
42662785;;CAROLINA LARA;NUÑEZ;3635;TOPICOS DE PROGRAMACION;201;docente;;;
42861758;9410;AGUSTINA BELÉN;MALDONADO ARCE;3001;PROGRAMACION MOVIL I;210;docente;;;
92322244;6255;FERNANDO;SCHIFINI GLADCHTEIN;4148;HIDRAULICA APLICADA;207;docente;;;
92491425;2128;FABRICIO DARIO;OTHEGUY SANSONE;1031;FISICA I;201;docente;;;
92491425;2128;FABRICIO DARIO;OTHEGUY SANSONE;1031;FISICA I;202;docente;;;
92491425;2128;FABRICIO DARIO;OTHEGUY SANSONE;1031;FISICA I;203;docente;;;
92491425;2128;FABRICIO DARIO;OTHEGUY SANSONE;1031;FISICA I;207;docente;;;
92491425;2128;FABRICIO DARIO;OTHEGUY SANSONE;1031;FISICA I;211;docente;;;
94101984;4971;CARLOS DAVID;VELAZQUEZ ARAUJO;4129;ESTATICA DE LAS ESTRUCTURAS I;207;docente;;;
94101984;4971;CARLOS DAVID;VELAZQUEZ ARAUJO;4134;ESTATICA DE LAS ESTRUCTURAS II;207;docente;;;
94101984;4971;CARLOS DAVID;VELAZQUEZ ARAUJO;4144;INSTALACIONES TERMOMECANICAS;207;docente;;;
